window_id,adjust_date,effective_date,month,window_start_date,window_end_date,theory_gasoline_adjust_yuan_per_ton,theory_diesel_adjust_yuan_per_ton,actual_gasoline_adjust_yuan_per_ton,actual_diesel_adjust_yuan_per_ton,gasoline_price_yuan_per_ton,diesel_price_yuan_per_ton,brent_window_avg_usd_per_barrel,policy_special_flag,policy_note,data_source,assumption_flag
W0001,2016-01-13,2016-01-14,2016-01,2016-01-01,2016-01-13,0.0,0.0,-140,-135,6925,5970,33.936,0,完善成品油价格机制 同步下调成品油价格,https://www.ndrc.gov.cn/xwdt/ztzl/gncpyjg/201601/t20160113_1292913.html,0
W0002,2016-01-27,2016-01-27,2016-01,2016-01-14,2016-01-27,0.0,0.0,0,0,6925,5970,28.576,1,special control window; see NDRC notice/title and task-specific 2026 case,https://www.ndrc.gov.cn/xwdt/ztzl/gncpyjg/201601/t20160127_1292914.html,0
W0003,2016-02-15,2016-02-15,2016-02,2016-01-28,2016-02-15,85.159035,85.159035,0,0,6925,5970,31.297,1,special control window; see NDRC notice/title and task-specific 2026 case,https://www.ndrc.gov.cn/xwdt/ztzl/gncpyjg/201602/t20160215_1292915.html,0
W0004,2016-02-29,2016-02-29,2016-02,2016-02-16,2016-02-29,60.015889,60.015889,0,0,6925,5970,32.654,1,special control window; see NDRC notice/title and task-specific 2026 case,https://www.ndrc.gov.cn/xwdt/ztzl/gncpyjg/201602/t20160229_1292916.html,0
W0005,2016-03-14,2016-03-14,2016-03,2016-03-01,2016-03-14,251.455017,251.455017,0,0,6925,5970,37.787,1,special control window; see NDRC notice/title and task-specific 2026 case,https://www.ndrc.gov.cn/xwdt/ztzl/gncpyjg/201603/t20160314_1292917.html,0
W0006,2016-03-28,2016-03-28,2016-03,2016-03-15,2016-03-28,79.680893,79.680893,0,0,6925,5970,38.951,1,special control window; see NDRC notice/title and task-specific 2026 case,https://www.ndrc.gov.cn/xwdt/ztzl/gncpyjg/201603/t20160328_1292918.html,0
W0007,2016-04-12,2016-04-12,2016-04,2016-03-29,2016-04-12,0.0,0.0,0,0,6925,5970,37.581,1,special control window; see NDRC notice/title and task-specific 2026 case,https://www.ndrc.gov.cn/xwdt/ztzl/gncpyjg/201604/t20160412_1292919.html,0
W0008,2016-04-26,2016-04-27,2016-04,2016-04-13,2016-04-26,243.753168,243.753168,165,160,7090,6130,42.834,0,国内成品油价格按机制上调,https://www.ndrc.gov.cn/xwdt/ztzl/gncpyjg/201604/t20160426_1292920.html,0
W0009,2016-05-11,2016-05-12,2016-05,2016-04-27,2016-05-11,92.994497,92.994497,120,115,7210,6245,44.283,0,国内成品油价格按机制上调,https://www.ndrc.gov.cn/xwdt/ztzl/gncpyjg/201605/t20160511_1292921.html,0
W0010,2016-05-25,2016-05-26,2016-05,2016-05-12,2016-05-25,158.436349,158.436349,210,200,7420,6445,47.743,0,国内成品油价格按机制上调,https://www.ndrc.gov.cn/xwdt/ztzl/gncpyjg/201605/t20160525_1292922.html,0
W0011,2016-06-08,2016-06-09,2016-06,2016-05-26,2016-06-08,67.989735,67.989735,110,110,7530,6555,49.022,0,国内成品油价格按机制上调,https://www.ndrc.gov.cn/xwdt/ztzl/gncpyjg/201606/t20160608_1292923.html,0
W0012,2016-06-23,2016-06-23,2016-06,2016-06-09,2016-06-23,0.0,0.0,0,0,7530,6555,48.252,0,6月23日国内成品油价格不作调整,https://www.ndrc.gov.cn/xwdt/ztzl/gncpyjg/201606/t20160623_1292924.html,0
W0013,2016-07-07,2016-07-07,2016-07,2016-06-24,2016-07-07,-78.43159,-78.43159,0,0,7530,6555,47.014,0,7月7日国内成品油价格不作调整,https://www.ndrc.gov.cn/xwdt/ztzl/gncpyjg/201607/t20160707_1292925.html,0
W0014,2016-07-21,2016-07-22,2016-07,2016-07-08,2016-07-21,-88.380692,-88.380692,-155,-150,7375,6405,45.502,0,国内成品油价格按机制下调,https://www.ndrc.gov.cn/xwdt/ztzl/gncpyjg/201607/t20160721_1292926.html,0
W0015,2016-08-04,2016-08-05,2016-08,2016-07-22,2016-08-04,-158.895074,-158.895074,-220,-215,7155,6190,42.258,0,国内成品油价格按机制下调,https://www.ndrc.gov.cn/xwdt/ztzl/gncpyjg/201608/t20160804_1292927.html,0
W0016,2016-08-18,2016-08-19,2016-08,2016-08-05,2016-08-18,111.280422,111.280422,175,170,7330,6360,44.611,0,国内成品油价格按机制上调,https://www.ndrc.gov.cn/xwdt/ztzl/gncpyjg/201608/t20160818_1292928.html,0
W0017,2016-09-01,2016-09-02,2016-09,2016-08-19,2016-09-01,185.645729,185.645729,205,200,7535,6560,48.766,0,国内成品油价格按机制上调,https://www.ndrc.gov.cn/xwdt/ztzl/gncpyjg/201609/t20160901_1292929.html,0
W0018,2016-09-18,2016-09-19,2016-09,2016-09-02,2016-09-18,-93.090558,-93.090558,-155,-150,7380,6410,46.857,0,国内成品油价格按机制下调,https://www.ndrc.gov.cn/xwdt/ztzl/gncpyjg/201609/t20160918_1292930.html,0
W0019,2016-09-30,2016-09-30,2016-09,2016-09-19,2016-09-30,0.0,0.0,0,0,7380,6410,46.193,0,9月30日国内成品油价格不作调整,https://www.ndrc.gov.cn/xwdt/ztzl/gncpyjg/201609/t20160930_1292931.html,0
W0020,2016-10-19,2016-10-20,2016-10,2016-10-01,2016-10-19,181.96151,181.96151,355,340,7735,6750,49.903,0,国内成品油价格按机制上调,https://www.ndrc.gov.cn/xwdt/ztzl/gncpyjg/201610/t20161019_1292932.html,0
W0021,2016-11-02,2016-11-02,2016-11,2016-10-20,2016-11-02,0.0,0.0,0,0,7735,6750,48.929,0,11月2日国内成品油价格不作调整,https://www.ndrc.gov.cn/xwdt/ztzl/gncpyjg/201611/t20161102_1292933.html,0
W0022,2016-11-16,2016-11-17,2016-11,2016-11-03,2016-11-16,-297.614551,-297.614551,-365,-355,7370,6395,43.26,0,国内成品油价格按机制下调,https://www.ndrc.gov.cn/xwdt/ztzl/gncpyjg/201611/t20161116_1292934.html,0
W0023,2016-11-30,2016-12-01,2016-11,2016-11-17,2016-11-30,97.904783,97.904783,175,170,7545,6565,45.783,0,国内成品油价格按机制上调,https://www.ndrc.gov.cn/xwdt/ztzl/gncpyjg/201611/t20161130_1292935.html,0
W0024,2016-12-14,2016-12-15,2016-12,2016-12-01,2016-12-14,296.74513,296.74513,435,420,7980,6985,52.115,0,国内成品油价格按机制上调,https://www.ndrc.gov.cn/xwdt/ztzl/gncpyjg/201612/t20161214_1292936.html,0
W0025,2016-12-28,2016-12-29,2016-12,2016-12-15,2016-12-28,58.660669,58.660669,100,95,8080,7080,53.536,0,国内成品油价格按机制上调,https://www.ndrc.gov.cn/xwdt/ztzl/gncpyjg/201612/t20161228_1292937.html,0
W0026,2017-01-12,2017-01-13,2017-01,2016-12-29,2017-01-12,54.404133,54.404133,70,70,8150,7150,54.659,0,国内成品油价格按机制上调,https://www.ndrc.gov.cn/xwdt/ztzl/gncpyjg/201701/t20170112_1292938.html,0
W0027,2017-01-25,2017-01-26,2017-01,2017-01-13,2017-01-25,0.0,0.0,-70,-70,8080,7080,54.296,0,国内成品油价格按机制下调,https://www.ndrc.gov.cn/xwdt/ztzl/gncpyjg/201701/t20170125_1292939.html,0
W0028,2017-02-14,2017-02-15,2017-02,2017-01-26,2017-02-14,0.0,0.0,50,50,8130,7130,54.946,0,国内成品油价格按机制上调,https://www.ndrc.gov.cn/xwdt/ztzl/gncpyjg/201702/t20170214_1292940.html,0
W0029,2017-02-28,2017-02-28,2017-02,2017-02-15,2017-02-28,0.0,0.0,0,0,8130,7130,54.982,0,2月28日国内成品油价格不作调整,https://www.ndrc.gov.cn/xwdt/ztzl/gncpyjg/201702/t20170228_1292941.html,0
W0030,2017-03-14,2017-03-15,2017-03,2017-03-01,2017-03-14,-66.010954,-66.010954,-85,-85,8045,7045,53.138,0,国内成品油价格按机制下调,https://www.ndrc.gov.cn/xwdt/ztzl/gncpyjg/201703/t20170314_1292942.html,0
W0031,2017-03-28,2017-03-29,2017-03,2017-03-15,2017-03-28,-151.57975,-151.57975,-230,-220,7815,6825,50.2,0,国内成品油价格按机制下调,https://www.ndrc.gov.cn/xwdt/ztzl/gncpyjg/201703/t20170328_1292943.html,0
W0032,2017-04-12,2017-04-13,2017-04,2017-03-29,2017-04-12,154.661775,154.661775,200,190,8015,7015,53.172,0,国内成品油价格按机制上调,https://www.ndrc.gov.cn/xwdt/ztzl/gncpyjg/201704/t20170412_1292944.html,0
W0033,2017-04-26,2017-04-26,2017-04,2017-04-13,2017-04-26,0.0,0.0,0,0,8015,7015,52.376,0,4月26日国内成品油价格不作调整,https://www.ndrc.gov.cn/xwdt/ztzl/gncpyjg/201704/t20170426_1292945.html,0
W0034,2017-05-11,2017-05-12,2017-05,2017-04-27,2017-05-11,-211.200194,-211.200194,-250,-235,7765,6780,48.42,0,国内成品油价格按机制下调,https://www.ndrc.gov.cn/xwdt/ztzl/gncpyjg/201705/t20170511_1292946.html,0
W0035,2017-05-25,2017-05-26,2017-05,2017-05-12,2017-05-25,140.723052,140.723052,140,135,7905,6915,51.684,0,国内成品油价格按机制上调,https://www.ndrc.gov.cn/xwdt/ztzl/gncpyjg/201705/t20170525_1292947.html,0
W0036,2017-06-09,2017-06-10,2017-06,2017-05-26,2017-06-09,-104.481086,-104.481086,-180,-175,7725,6740,49.175,0,国内成品油价格按机制下调,https://www.ndrc.gov.cn/xwdt/ztzl/gncpyjg/201706/t20170609_1292948.html,0
W0037,2017-06-23,2017-06-24,2017-06,2017-06-10,2017-06-23,-164.726338,-164.726338,-250,-240,7475,6500,45.654,0,国内成品油价格按机制下调,https://www.ndrc.gov.cn/xwdt/ztzl/gncpyjg/201706/t20170623_1292949.html,0
W0038,2017-07-07,2017-07-07,2017-07,2017-06-24,2017-07-07,0.0,0.0,0,0,7475,6500,46.934,0,7月7日国内成品油价格不作调整,https://www.ndrc.gov.cn/xwdt/ztzl/gncpyjg/201707/t20170707_1292950.html,0
W0039,2017-07-21,2017-07-22,2017-07,2017-07-08,2017-07-21,82.214461,82.214461,75,75,7550,6575,47.445,0,国内成品油价格按机制上调,https://www.ndrc.gov.cn/xwdt/ztzl/gncpyjg/201707/t20170721_1292951.html,0
W0040,2017-08-04,2017-08-05,2017-08,2017-07-22,2017-08-04,142.493427,142.493427,175,165,7725,6740,50.495,0,国内成品油价格按机制上调,https://www.ndrc.gov.cn/xwdt/ztzl/gncpyjg/201708/t20170804_1292952.html,0
W0041,2017-08-18,2017-08-18,2017-08,2017-08-05,2017-08-18,0.0,0.0,0,0,7725,6740,51.425,0,8月18日国内成品油价格不作调整,https://www.ndrc.gov.cn/xwdt/ztzl/gncpyjg/201708/t20170818_1292953.html,0
W0042,2017-09-01,2017-09-01,2017-09,2017-08-19,2017-09-01,0.0,0.0,0,0,7725,6740,51.921,0,9月1日国内成品油价格不作调整,https://www.ndrc.gov.cn/xwdt/ztzl/gncpyjg/201709/t20170901_1292954.html,0
W0043,2017-09-15,2017-09-16,2017-09,2017-09-02,2017-09-15,135.33018,135.33018,95,95,7820,6835,54.411,0,国内成品油价格按机制上调,https://www.ndrc.gov.cn/xwdt/ztzl/gncpyjg/201709/t20170915_1292955.html,0
W0044,2017-09-29,2017-09-30,2017-09,2017-09-16,2017-09-29,148.486935,148.486935,210,195,8030,7030,57.808,0,国内成品油价格按机制上调,https://www.ndrc.gov.cn/xwdt/ztzl/gncpyjg/201709/t20170929_1292956.html,0
W0045,2017-10-19,2017-10-19,2017-10,2017-09-30,2017-10-19,0.0,0.0,0,0,8030,7030,56.679,0,10月19日国内成品油价格不作调整,https://www.ndrc.gov.cn/xwdt/ztzl/gncpyjg/201710/t20171019_1292957.html,0
W0046,2017-11-02,2017-11-03,2017-11,2017-10-20,2017-11-02,78.043819,78.043819,150,150,8180,7180,59.157,0,国内成品油价格按机制上调,https://www.ndrc.gov.cn/xwdt/ztzl/gncpyjg/201711/t20171102_1292958.html,0
W0047,2017-11-16,2017-11-17,2017-11,2017-11-03,2017-11-16,175.953998,175.953998,265,250,8445,7430,62.874,0,国内成品油价格按机制上调,https://www.ndrc.gov.cn/xwdt/ztzl/gncpyjg/201711/t20171116_1292959.html,0
W0048,2017-11-30,2017-11-30,2017-11,2017-11-17,2017-11-30,0.0,0.0,0,0,8445,7430,62.646,0,11月30日国内成品油价格不作调整,https://www.ndrc.gov.cn/xwdt/ztzl/gncpyjg/201711/t20171130_1292960.html,0
W0049,2017-12-14,2017-12-14,2017-12,2017-12-01,2017-12-14,0.0,0.0,0,0,8445,7430,63.772,0,12月14日国内成品油价格不作调整,https://www.ndrc.gov.cn/xwdt/ztzl/gncpyjg/201712/t20171214_1292961.html,0
W0050,2017-12-28,2017-12-29,2017-12,2017-12-15,2017-12-28,76.211098,76.211098,70,70,8515,7500,64.4,0,国内成品油价格按机制上调,https://www.ndrc.gov.cn/xwdt/ztzl/gncpyjg/201712/t20171228_1292962.html,0
W0051,2018-01-12,2018-01-13,2018-01,2017-12-29,2018-01-12,188.747464,188.747464,180,175,8695,7675,68.248,0,国内成品油价格按机制上调,https://www.ndrc.gov.cn/xwdt/ztzl/gncpyjg/201801/t20180112_1292963.html,0
W0052,2018-01-26,2018-01-27,2018-01,2018-01-13,2018-01-26,84.858406,84.858406,65,60,8760,7735,69.67,0,国内成品油价格按机制上调,https://www.ndrc.gov.cn/xwdt/ztzl/gncpyjg/201801/t20180126_1292964.html,0
W0053,2018-02-09,2018-02-10,2018-02,2018-01-27,2018-02-09,-70.667395,-70.667395,-170,-160,8590,7575,67.454,0,国内成品油价格按机制下调,https://www.ndrc.gov.cn/xwdt/ztzl/gncpyjg/201802/t20180209_1292965.html,0
W0054,2018-02-28,2018-03-01,2018-02,2018-02-10,2018-02-28,-115.466003,-115.466003,-190,-185,8400,7390,65.26,0,国内成品油价格按机制下调,https://www.ndrc.gov.cn/xwdt/ztzl/gncpyjg/201802/t20180228_1292966.html,0
W0055,2018-03-14,2018-03-14,2018-03,2018-03-01,2018-03-14,0.0,0.0,0,0,8400,7390,64.89,0,3月14日国内成品油价格不作调整,https://www.ndrc.gov.cn/xwdt/ztzl/gncpyjg/201803/t20180314_1292967.html,0
W0056,2018-03-28,2018-03-29,2018-03,2018-03-15,2018-03-28,81.937691,81.937691,170,165,8570,7555,66.638,0,国内成品油价格按机制上调,https://www.ndrc.gov.cn/xwdt/ztzl/gncpyjg/201803/t20180328_1292968.html,0
W0057,2018-04-12,2018-04-13,2018-04,2018-03-29,2018-04-12,75.400498,75.400498,55,50,8625,7605,68.549,0,国内成品油价格按机制上调,https://www.ndrc.gov.cn/xwdt/ztzl/gncpyjg/201804/t20180412_1292969.html,0
W0058,2018-04-26,2018-04-27,2018-04,2018-04-13,2018-04-26,217.040066,217.040066,255,245,8880,7850,73.577,0,国内成品油价格按机制上调,https://www.ndrc.gov.cn/xwdt/ztzl/gncpyjg/201804/t20180426_1292970.html,0
W0059,2018-04-29,2018-05-01,2018-04,2018-04-27,2018-04-29,0.0,0.0,-75,-65,8805,7785,74.187,1,special control window; see NDRC notice/title and task-specific 2026 case,https://www.ndrc.gov.cn/xwdt/ztzl/gncpyjg/201804/t20180429_1292971.html,0
W0060,2018-05-11,2018-05-12,2018-05,2018-04-30,2018-05-11,78.649851,78.649851,170,165,8975,7950,75.218,0,国内成品油价格按机制上调,https://www.ndrc.gov.cn/xwdt/ztzl/gncpyjg/201805/t20180511_1292972.html,0
W0061,2018-05-25,2018-05-26,2018-05,2018-05-12,2018-05-25,154.952861,154.952861,260,250,9235,8200,78.749,0,国内成品油价格按机制上调,https://www.ndrc.gov.cn/xwdt/ztzl/gncpyjg/201805/t20180525_1292973.html,0
W0062,2018-06-08,2018-06-09,2018-06,2018-05-26,2018-06-08,-184.615621,-184.615621,-130,-125,9105,8075,75.167,0,国内成品油价格按机制下调,https://www.ndrc.gov.cn/xwdt/ztzl/gncpyjg/201806/t20180608_1292974.html,0
W0063,2018-06-25,2018-06-26,2018-06,2018-06-09,2018-06-25,0.0,0.0,-55,-55,9050,8020,74.188,0,国内成品油价格按机制下调,https://www.ndrc.gov.cn/xwdt/ztzl/gncpyjg/201806/t20180625_1292975.html,0
W0064,2018-07-09,2018-07-10,2018-07,2018-06-26,2018-07-09,108.378795,108.378795,270,260,9320,8280,75.783,0,国内成品油价格按机制上调,https://www.ndrc.gov.cn/xwdt/ztzl/gncpyjg/201807/t20180709_1292976.html,0
W0065,2018-07-23,2018-07-24,2018-07,2018-07-10,2018-07-23,-112.917807,-112.917807,-125,-120,9195,8160,73.28,0,国内成品油价格按机制下调,https://www.ndrc.gov.cn/xwdt/ztzl/gncpyjg/201807/t20180723_1292977.html,0
W0066,2018-08-06,2018-08-07,2018-08,2018-07-24,2018-08-06,0.0,0.0,70,70,9265,8230,73.686,0,国内成品油价格按机制上调,https://www.ndrc.gov.cn/xwdt/ztzl/gncpyjg/201808/t20180806_1292978.html,0
W0067,2018-08-20,2018-08-21,2018-08,2018-08-07,2018-08-20,-134.391674,-134.391674,-50,-50,9215,8180,70.62,0,国内成品油价格按机制下调,https://www.ndrc.gov.cn/xwdt/ztzl/gncpyjg/201808/t20180820_1292979.html,0
W0068,2018-09-03,2018-09-04,2018-09,2018-08-21,2018-09-03,155.410963,155.410963,180,170,9395,8350,74.424,0,国内成品油价格按机制上调,https://www.ndrc.gov.cn/xwdt/ztzl/gncpyjg/201809/t20180903_1292980.html,0
W0069,2018-09-17,2018-09-18,2018-09,2018-09-04,2018-09-17,97.346471,97.346471,145,145,9540,8495,77.376,0,国内成品油价格按机制上调,https://www.ndrc.gov.cn/xwdt/ztzl/gncpyjg/201809/t20180917_1292981.html,0
W0070,2018-09-30,2018-10-01,2018-09,2018-09-18,2018-09-30,144.416503,144.416503,240,230,9780,8725,80.406,0,国内成品油价格按机制上调,https://www.ndrc.gov.cn/xwdt/ztzl/gncpyjg/201809/t20180930_1292982.html,0
W0071,2018-10-19,2018-10-20,2018-10,2018-10-01,2018-10-19,69.702848,69.702848,165,160,9945,8885,82.203,0,国内成品油价格按机制上调,https://www.ndrc.gov.cn/xwdt/ztzl/gncpyjg/201810/t20181019_1292983.html,0
W0072,2018-11-02,2018-11-03,2018-11,2018-10-20,2018-11-02,-244.417086,-244.417086,-375,-365,9570,8520,77.087,0,国内成品油价格按机制下调,https://www.ndrc.gov.cn/xwdt/ztzl/gncpyjg/201811/t20181102_1292984.html,0
W0073,2018-11-16,2018-11-17,2018-11,2018-11-03,2018-11-16,-372.380386,-372.380386,-510,-490,9060,8030,68.858,0,国内成品油价格按机制下调,https://www.ndrc.gov.cn/xwdt/ztzl/gncpyjg/201811/t20181116_1292985.html,0
W0074,2018-11-30,2018-12-01,2018-11,2018-11-17,2018-11-30,-318.858743,-318.858743,-540,-520,8520,7510,60.692,0,国内成品油价格按机制下调,https://www.ndrc.gov.cn/xwdt/ztzl/gncpyjg/201811/t20181130_1292986.html,0
W0075,2018-12-14,2018-12-15,2018-12,2018-12-01,2018-12-14,-89.35416,-89.35416,-125,-120,8395,7390,59.903,0,国内成品油价格按机制下调,https://www.ndrc.gov.cn/xwdt/ztzl/gncpyjg/201812/t20181214_1292987.html,0
W0076,2018-12-28,2018-12-29,2018-12,2018-12-15,2018-12-28,-171.149316,-171.149316,-370,-355,8025,7035,56.197,0,国内成品油价格按机制下调,https://www.ndrc.gov.cn/xwdt/ztzl/gncpyjg/201812/t20181228_1292988.html,0
W0077,2019-01-14,2019-01-15,2019-01,2018-12-29,2019-01-14,0.0,0.0,105,105,8130,7140,55.817,0,国内成品油价格按机制上调,https://www.ndrc.gov.cn/xwdt/ztzl/gncpyjg/201901/t20190114_1292989.html,0
W0078,2019-01-28,2019-01-29,2019-01,2019-01-15,2019-01-28,192.703059,192.703059,245,230,8375,7370,60.586,0,国内成品油价格按机制上调,https://www.ndrc.gov.cn/xwdt/ztzl/gncpyjg/201901/t20190128_1292990.html,0
W0079,2019-02-14,2019-02-15,2019-02,2019-01-29,2019-02-14,78.339989,78.339989,50,50,8425,7420,62.0,0,国内成品油价格按机制上调,https://www.ndrc.gov.cn/xwdt/ztzl/gncpyjg/201902/t20190214_1292991.html,0
W0080,2019-02-28,2019-03-01,2019-02,2019-02-15,2019-02-28,145.585619,145.585619,270,260,8695,7680,65.664,0,国内成品油价格按机制上调,https://www.ndrc.gov.cn/xwdt/ztzl/gncpyjg/201902/t20190228_1292992.html,0
W0081,2019-03-14,2019-03-14,2019-03,2019-03-01,2019-03-14,0.0,0.0,0,0,8695,7680,64.869,0,3月14日国内成品油价格不作调整,https://www.ndrc.gov.cn/xwdt/ztzl/gncpyjg/201903/t20190314_1292993.html,0
W0082,2019-03-28,2019-03-29,2019-03,2019-03-15,2019-03-28,111.265795,111.265795,80,80,8775,7760,67.124,0,国内成品油价格按机制上调,https://www.ndrc.gov.cn/xwdt/ztzl/gncpyjg/201903/t20190328_1292994.html,0
W0083,2019-03-29,2019-04-01,2019-03,2019-03-29,2019-03-29,0.0,0.0,-225,-200,8550,7560,67.114,1,special control window; see NDRC notice/title and task-specific 2026 case,https://www.ndrc.gov.cn/xwdt/ztzl/gncpyjg/201903/t20190329_1292995.html,0
W0084,2019-04-12,2019-04-13,2019-04,2019-03-30,2019-04-12,154.107923,154.107923,155,150,8705,7710,70.07,0,国内成品油价格按机制上调,https://www.ndrc.gov.cn/xwdt/ztzl/gncpyjg/201904/t20190412_1292996.html,0
W0085,2019-04-26,2019-04-27,2019-04,2019-04-13,2019-04-26,90.746932,90.746932,195,185,8900,7895,71.999,0,国内成品油价格按机制上调,https://www.ndrc.gov.cn/xwdt/ztzl/gncpyjg/201904/t20190426_1292997.html,0
W0086,2019-05-13,2019-05-14,2019-05,2019-04-27,2019-05-13,0.0,0.0,-75,-75,8825,7820,71.419,0,国内成品油价格按机制下调,https://www.ndrc.gov.cn/xwdt/ztzl/gncpyjg/201905/t20190513_1292998.html,0
W0087,2019-05-27,2019-05-28,2019-05,2019-05-14,2019-05-27,0.0,0.0,50,50,8875,7870,72.105,0,国内成品油价格按机制上调,https://www.ndrc.gov.cn/xwdt/ztzl/gncpyjg/201905/t20190527_1292999.html,0
W0088,2019-06-11,2019-06-12,2019-06,2019-05-28,2019-06-11,-347.285581,-347.285581,-465,-445,8410,7425,65.72,0,国内成品油价格按机制下调,https://www.ndrc.gov.cn/xwdt/ztzl/gncpyjg/201906/t20190611_1293000.html,0
W0089,2019-06-25,2019-06-26,2019-06,2019-06-12,2019-06-25,-73.067661,-73.067661,-120,-115,8290,7310,63.698,0,国内成品油价格按机制下调,https://www.ndrc.gov.cn/xwdt/ztzl/gncpyjg/201906/t20190625_1293001.html,0
W0090,2019-07-09,2019-07-10,2019-07,2019-06-26,2019-07-09,115.374713,115.374713,150,140,8440,7450,65.148,0,国内成品油价格按机制上调,https://www.ndrc.gov.cn/xwdt/ztzl/gncpyjg/201907/t20190709_1293002.html,0
W0091,2019-07-23,2019-07-23,2019-07,2019-07-10,2019-07-23,0.0,0.0,0,0,8440,7450,64.51,0,7月23日国内成品油价格不作调整,https://www.ndrc.gov.cn/xwdt/ztzl/gncpyjg/201907/t20190723_1293003.html,0
W0092,2019-08-06,2019-08-07,2019-08,2019-07-24,2019-08-06,-122.318764,-122.318764,-80,-70,8360,7380,62.429,0,国内成品油价格按机制下调,https://www.ndrc.gov.cn/xwdt/ztzl/gncpyjg/201908/t20190806_1293004.html,0
W0093,2019-08-20,2019-08-21,2019-08,2019-08-07,2019-08-20,-176.264794,-176.264794,-210,-205,8150,7175,57.837,0,国内成品油价格按机制下调,https://www.ndrc.gov.cn/xwdt/ztzl/gncpyjg/201908/t20190820_1293005.html,0
W0094,2019-09-03,2019-09-04,2019-09,2019-08-21,2019-09-03,76.903647,76.903647,115,105,8265,7280,59.576,0,国内成品油价格按机制上调,https://www.ndrc.gov.cn/xwdt/ztzl/gncpyjg/201909/t20190903_1293006.html,0
W0095,2019-09-18,2019-09-19,2019-09,2019-09-04,2019-09-18,146.61635,146.61635,125,125,8390,7405,63.236,0,国内成品油价格按机制上调,https://www.ndrc.gov.cn/xwdt/ztzl/gncpyjg/201909/t20190918_1293007.html,0
W0096,2019-10-08,2019-10-08,2019-10,2019-09-19,2019-10-08,-124.0936,-124.0936,0,0,8390,7405,60.667,0,10月8日国内成品油价格不作调整,https://www.ndrc.gov.cn/xwdt/ztzl/gncpyjg/201910/t20191008_1293008.html,0
W0097,2019-10-21,2019-10-22,2019-10,2019-10-09,2019-10-21,-56.752531,-56.752531,-150,-145,8240,7260,59.358,0,国内成品油价格按机制下调,https://www.ndrc.gov.cn/xwdt/ztzl/gncpyjg/201910/t20191021_1293009.html,0
W0098,2019-11-04,2019-11-05,2019-11,2019-10-22,2019-11-04,65.384277,65.384277,105,105,8345,7365,60.487,0,国内成品油价格按机制上调,https://www.ndrc.gov.cn/xwdt/ztzl/gncpyjg/201911/t20191104_1293010.html,0
W0099,2019-11-18,2019-11-19,2019-11,2019-11-05,2019-11-18,82.100247,82.100247,70,65,8415,7430,62.477,0,国内成品油价格按机制上调,https://www.ndrc.gov.cn/xwdt/ztzl/gncpyjg/201911/t20191118_1293011.html,0
W0100,2019-12-02,2019-12-03,2019-12,2019-11-19,2019-12-02,74.832641,74.832641,55,50,8470,7480,64.251,0,国内成品油价格按机制上调,https://www.ndrc.gov.cn/xwdt/ztzl/gncpyjg/201912/t20191202_1293012.html,0
W0101,2019-12-16,2019-12-16,2019-12,2019-12-03,2019-12-16,66.095291,66.095291,0,0,8470,7480,65.606,0,12月16日国内成品油价格不作调整,https://www.ndrc.gov.cn/xwdt/ztzl/gncpyjg/201912/t20191216_1293013.html,0
W0102,2019-12-30,2019-12-31,2019-12,2019-12-17,2019-12-30,139.907057,139.907057,235,230,8705,7710,68.687,0,国内成品油价格按机制上调,https://www.ndrc.gov.cn/xwdt/ztzl/gncpyjg/201912/t20191230_1293014.html,0
W0103,2020-01-14,2020-01-14,2020-01,2019-12-31,2020-01-14,0.0,0.0,0,0,8705,7710,67.599,0,1月14日国内成品油价格不作调整,https://www.ndrc.gov.cn/xwdt/ztzl/gncpyjg/202001/t20200114_1293015.html,0
W0104,2020-02-04,2020-02-05,2020-02,2020-01-15,2020-02-04,-410.637029,-410.637029,-420,-405,8285,7305,59.323,0,国内成品油价格按机制下调,https://www.ndrc.gov.cn/xwdt/ztzl/gncpyjg/202002/t20200204_1293016.html,0
W0105,2020-02-18,2020-02-19,2020-02,2020-02-05,2020-02-18,-189.98401,-189.98401,-415,-400,7870,6905,55.344,0,国内成品油价格按机制下调,https://www.ndrc.gov.cn/xwdt/ztzl/gncpyjg/202002/t20200218_1293017.html,0
W0106,2020-03-03,2020-03-03,2020-03,2020-02-19,2020-03-03,0.0,0.0,0,0,7870,6905,55.822,0,3月3日国内成品油价格不作调整,https://www.ndrc.gov.cn/xwdt/ztzl/gncpyjg/202003/t20200303_1293018.html,0
W0107,2020-03-17,2020-03-18,2020-03,2020-03-04,2020-03-17,0.0,0.0,-1015,-975,6855,5930,39.759,0,国内成品油价格按机制下调,https://www.ndrc.gov.cn/xwdt/ztzl/gncpyjg/202003/t20200317_1293019.html,0
W0108,2020-03-31,2020-03-31,2020-03,2020-03-18,2020-03-31,0.0,0.0,0,0,6855,5930,23.929,1,special control window; see NDRC notice/title and task-specific 2026 case,https://www.ndrc.gov.cn/xwdt/ztzl/gncpyjg/202003/t20200331_1293020.html,0
W0109,2020-04-15,2020-04-15,2020-04,2020-04-01,2020-04-15,0.0,0.0,0,0,6855,5930,20.545,1,special control window; see NDRC notice/title and task-specific 2026 case,https://www.ndrc.gov.cn/xwdt/ztzl/gncpyjg/202004/t20200415_1293021.html,0
W0110,2020-04-28,2020-04-28,2020-04,2020-04-16,2020-04-28,0.0,0.0,0,0,6855,5930,16.633,1,special control window; see NDRC notice/title and task-specific 2026 case,https://www.ndrc.gov.cn/xwdt/ztzl/gncpyjg/202004/t20200428_1293022.html,0
W0111,2020-05-14,2020-05-14,2020-05,2020-04-29,2020-05-14,398.457891,398.457891,0,0,6855,5930,22.884,1,special control window; see NDRC notice/title and task-specific 2026 case,https://www.ndrc.gov.cn/xwdt/ztzl/gncpyjg/202005/t20200514_1293023.html,0
W0112,2020-05-28,2020-05-28,2020-05,2020-05-15,2020-05-28,457.104867,457.104867,0,0,6855,5930,32.509,1,special control window; see NDRC notice/title and task-specific 2026 case,https://www.ndrc.gov.cn/xwdt/ztzl/gncpyjg/202005/t20200528_1293024.html,0
W0113,2020-06-11,2020-06-11,2020-06,2020-05-29,2020-06-11,271.563808,271.563808,0,0,6855,5930,38.127,1,special control window; see NDRC notice/title and task-specific 2026 case,https://www.ndrc.gov.cn/xwdt/ztzl/gncpyjg/202006/t20200611_1293025.html,0
W0114,2020-06-28,2020-06-29,2020-06,2020-06-12,2020-06-28,130.410974,130.410974,120,110,6975,6040,41.321,0,国内成品油价格按机制上调,https://www.ndrc.gov.cn/xwdt/ztzl/gncpyjg/202006/t20200628_1293026.html,0
W0115,2020-07-10,2020-07-11,2020-07,2020-06-29,2020-07-10,0.0,0.0,100,100,7075,6140,42.451,0,国内成品油价格按机制上调,https://www.ndrc.gov.cn/xwdt/ztzl/gncpyjg/202007/t20200710_1293027.html,0
W0116,2020-07-24,2020-07-24,2020-07,2020-07-11,2020-07-24,105.949897,105.949897,0,0,7075,6140,43.484,0,7月24日国内成品油价格不作调整,https://www.ndrc.gov.cn/xwdt/ztzl/gncpyjg/202007/t20200724_1293028.html,0
W0117,2020-08-07,2020-08-07,2020-08,2020-07-25,2020-08-07,0.0,0.0,0,0,7075,6140,43.712,0,8月7日国内成品油价格不作调整,https://www.ndrc.gov.cn/xwdt/ztzl/gncpyjg/202008/t20200807_1293029.html,0
W0118,2020-08-21,2020-08-22,2020-08,2020-08-08,2020-08-21,63.503837,63.503837,85,80,7160,6220,44.678,0,国内成品油价格按机制上调,https://www.ndrc.gov.cn/xwdt/ztzl/gncpyjg/202008/t20200821_1293030.html,0
W0119,2020-09-04,2020-09-04,2020-09,2020-08-22,2020-09-04,0.0,0.0,0,0,7160,6220,44.593,0,9月4日国内成品油价格不作调整,https://www.ndrc.gov.cn/xwdt/ztzl/gncpyjg/202009/t20200904_1293031.html,0
W0120,2020-09-18,2020-09-19,2020-09,2020-09-05,2020-09-18,0.0,0.0,-315,-300,6845,5920,40.004,0,国内成品油价格按机制下调,https://www.ndrc.gov.cn/xwdt/ztzl/gncpyjg/202009/t20200918_1293032.html,0
W0121,2020-10-09,2020-10-09,2020-10,2020-09-19,2020-10-09,0.0,0.0,0,0,6845,5920,40.455,0,10月9日国内成品油价格不作调整,https://www.ndrc.gov.cn/xwdt/ztzl/gncpyjg/202010/t20201009_1293033.html,0
W0122,2020-10-22,2020-10-23,2020-10,2020-10-10,2020-10-22,70.51822,70.51822,80,70,6925,5990,41.323,0,国内成品油价格按机制上调,https://www.ndrc.gov.cn/xwdt/ztzl/gncpyjg/202010/t20201022_1293034.html,0
W0123,2020-11-05,2020-11-06,2020-11,2020-10-23,2020-11-05,0.0,0.0,-160,-150,6765,5840,38.715,0,国内成品油价格按机制下调,https://www.ndrc.gov.cn/xwdt/ztzl/gncpyjg/202011/t20201105_1293035.html,0
W0124,2020-11-19,2020-11-20,2020-11,2020-11-06,2020-11-19,128.044111,128.044111,150,145,6915,5985,41.506,0,2020年11月19日24时起国内成品油价格按机制上调,https://www.ndrc.gov.cn/xwdt/ztzl/gncpyjg/202011/t20201119_1293036.html,0
W0125,2020-12-03,2020-12-04,2020-12,2020-11-20,2020-12-03,173.782783,173.782783,250,240,7165,6225,46.068,0,2020年12月3日24时起国内成品油价格按机制上调,https://www.ndrc.gov.cn/xwdt/ztzl/gncpyjg/202012/t20201203_1293037.html,0
W0126,2020-12-17,2020-12-18,2020-12,2020-12-04,2020-12-17,188.370484,188.370484,155,150,7320,6375,49.596,0,2020年12月17日24时起国内成品油价格按机制上调,https://www.ndrc.gov.cn/xwdt/ztzl/gncpyjg/202012/t20201217_1293038.html,0
W0127,2020-12-31,2021-01-01,2020-12,2020-12-18,2020-12-31,66.095291,66.095291,90,85,7410,6460,50.868,0,2020年12月31日24时起国内成品油价格按机制上调,https://www.ndrc.gov.cn/xwdt/ztzl/gncpyjg/202012/t20201231_1293039.html,0
W0128,2021-01-15,2021-01-16,2021-01,2021-01-01,2021-01-15,149.718085,149.718085,185,180,7595,6640,53.986,0,2021年1月15日24时起国内成品油价格按机制上调,https://www.ndrc.gov.cn/xwdt/ztzl/gncpyjg/202101/t20210115_1293040.html,0
W0129,2021-01-29,2021-01-30,2021-01,2021-01-16,2021-01-29,70.728806,70.728806,75,70,7670,6710,55.159,0,2021年1月29日24时起国内成品油价格按机制上调,https://www.ndrc.gov.cn/xwdt/ztzl/gncpyjg/202101/t20210129_1293041.html,0
W0130,2021-02-18,2021-02-19,2021-02,2021-01-30,2021-02-18,276.159149,276.159149,275,265,7945,6975,61.666,0,2021年2月18日24时起国内成品油价格按机制上调,https://www.ndrc.gov.cn/xwdt/ztzl/gncpyjg/202102/t20210218_1293042.html,0
W0131,2021-03-03,2021-03-04,2021-03,2021-02-19,2021-03-03,169.063372,169.063372,260,250,8205,7225,64.897,0,2021年3月3日24时起国内成品油价格按机制上调,https://www.ndrc.gov.cn/xwdt/ztzl/gncpyjg/202103/t20210303_1293043.html,0
W0132,2021-03-17,2021-03-18,2021-03,2021-03-04,2021-03-17,152.557367,152.557367,235,230,8440,7455,67.947,0,2021年3月17日24时起国内成品油价格按机制上调,https://www.ndrc.gov.cn/xwdt/ztzl/gncpyjg/202103/t20210317_1293044.html,0
W0133,2021-03-31,2021-04-01,2021-03,2021-03-18,2021-03-31,-206.580682,-206.580682,-225,-220,8215,7235,63.371,0,2021年3月31日24时起国内成品油价格按机制下调,https://www.ndrc.gov.cn/xwdt/ztzl/gncpyjg/202103/t20210331_1293045.html,0
W0134,2021-04-15,2021-04-15,2021-04,2021-04-01,2021-04-15,0.0,0.0,0,0,8215,7235,62.928,0,2021年4月15日国内成品油价格不作调整,https://www.ndrc.gov.cn/xwdt/ztzl/gncpyjg/202104/t20210415_1293046.html,0
W0135,2021-04-28,2021-04-29,2021-04,2021-04-16,2021-04-28,106.093054,106.093054,100,95,8315,7330,65.669,0,2021年4月28日24时起国内成品油价格按机制上调,https://www.ndrc.gov.cn/xwdt/ztzl/gncpyjg/202104/t20210428_1293047.html,0
W0136,2021-05-14,2021-05-15,2021-05,2021-04-29,2021-05-14,135.135156,135.135156,100,100,8415,7430,68.638,0,2021年5月14日24时起国内成品油价格按机制上调,https://www.ndrc.gov.cn/xwdt/ztzl/gncpyjg/202105/t20210514_1293048.html,0
W0137,2021-05-28,2021-05-28,2021-05,2021-05-15,2021-05-28,0.0,0.0,0,0,8415,7430,68.24,0,2021年5月28日国内成品油价格不作调整,https://www.ndrc.gov.cn/xwdt/ztzl/gncpyjg/202105/t20210528_1293049.html,0
W0138,2021-06-11,2021-06-12,2021-06,2021-05-29,2021-06-11,126.010969,126.010969,175,170,8590,7600,70.667,0,2021年6月11日24时起国内成品油价格按机制上调,https://www.ndrc.gov.cn/xwdt/ztzl/gncpyjg/202106/t20210611_1293050.html,0
W0139,2021-06-28,2021-06-29,2021-06,2021-06-12,2021-06-28,175.352738,175.352738,225,215,8815,7815,74.258,0,2021年6月28日24时起国内成品油价格按机制上调,https://www.ndrc.gov.cn/xwdt/ztzl/gncpyjg/202106/t20210628_1293051.html,0
W0140,2021-07-12,2021-07-13,2021-07,2021-06-29,2021-07-12,78.554724,78.554724,70,65,8885,7880,76.197,0,2021年7月12日24时起国内成品油价格按机制上调,https://www.ndrc.gov.cn/xwdt/ztzl/gncpyjg/202107/t20210712_1293052.html,0
W0141,2021-07-26,2021-07-27,2021-07,2021-07-13,2021-07-26,-98.979084,-98.979084,-100,-95,8785,7785,74.001,0,2021年7月26日24时起国内成品油价格按机制下调,https://www.ndrc.gov.cn/xwdt/ztzl/gncpyjg/202107/t20210726_1293053.html,0
W0142,2021-08-09,2021-08-09,2021-08,2021-07-27,2021-08-09,0.0,0.0,0,0,8785,7785,74.007,0,2021年8月9日国内成品油价格不作调整,https://www.ndrc.gov.cn/xwdt/ztzl/gncpyjg/202108/t20210809_1293373.html,0
W0143,2021-08-23,2021-08-24,2021-08,2021-08-10,2021-08-23,-211.796682,-211.796682,-250,-245,8535,7540,69.586,0,2021年8月23日24时起国内成品油价格按机制下调,https://www.ndrc.gov.cn/xwdt/ztzl/gncpyjg/202108/t20210823_1294332.html,0
W0144,2021-09-06,2021-09-07,2021-09,2021-08-24,2021-09-06,71.89315,71.89315,140,140,8675,7680,71.266,0,2021年9月6日24时起国内成品油价格按机制上调,https://www.ndrc.gov.cn/xwdt/ztzl/gncpyjg/202109/t20210906_1296106.html,0
W0145,2021-09-18,2021-09-19,2021-09,2021-09-07,2021-09-18,102.943911,102.943911,90,85,8765,7765,73.071,0,2021年9月18日24时起国内成品油价格按机制上调,https://www.ndrc.gov.cn/xwdt/ztzl/gncpyjg/202109/t20210918_1297148.html,0
W0146,2021-10-09,2021-10-10,2021-10,2021-09-19,2021-10-09,333.331296,333.331296,345,330,9110,8095,80.228,0,2021年10月9日24时起国内成品油价格按机制上调,https://www.ndrc.gov.cn/xwdt/ztzl/gncpyjg/202110/t20211009_1298893.html,0
W0147,2021-10-22,2021-10-23,2021-10,2021-10-10,2021-10-22,186.846176,186.846176,300,290,9410,8385,84.1,0,2021年10月22日24时起国内成品油价格按机制上调,https://www.ndrc.gov.cn/xwdt/ztzl/gncpyjg/202110/t20211022_1300685.html,0
W0148,2021-11-05,2021-11-05,2021-11,2021-10-23,2021-11-05,0.0,0.0,0,0,9410,8385,83.619,0,2021年11月5日国内成品油价格不作调整,https://www.ndrc.gov.cn/xwdt/ztzl/gncpyjg/202111/t20211105_1303115.html,0
W0149,2021-11-19,2021-11-20,2021-11,2021-11-06,2021-11-19,-54.718461,-54.718461,-95,-90,9315,8295,82.729,0,2021年11月19日24时起国内成品油价格按机制下调,https://www.ndrc.gov.cn/xwdt/ztzl/gncpyjg/202111/t20211119_1304442.html,0
W0150,2021-12-03,2021-12-04,2021-12,2021-11-20,2021-12-03,-282.110333,-282.110333,-430,-415,8885,7880,76.572,0,2021年12月3日24时起国内成品油价格按机制下调,https://www.ndrc.gov.cn/xwdt/ztzl/gncpyjg/202112/t20211203_1306844.html,0
W0151,2021-12-17,2021-12-18,2021-12,2021-12-04,2021-12-17,-149.957304,-149.957304,-130,-125,8755,7755,74.049,0,2021年12月17日24时起国内成品油价格按机制下调,https://www.ndrc.gov.cn/xwdt/xwfb/202112/t20211217_1308356.html,0
W0152,2021-12-31,2022-01-01,2021-12,2021-12-18,2021-12-31,0.0,0.0,140,135,8895,7890,74.811,0,2021年12月31日24时起国内成品油价格按机制上调,https://www.ndrc.gov.cn/xwdt/xwfb/202112/t20211231_1311298.html,0
W0153,2022-01-17,2022-01-18,2022-01,2022-01-01,2022-01-17,408.692172,408.692172,345,330,9240,8220,82.785,0,2022年1月17日24时起国内成品油价格按机制上调,https://www.ndrc.gov.cn/xwdt/xwfb/202201/t20220117_1312120.html,0
W0154,2022-01-29,2022-01-30,2022-01,2022-01-18,2022-01-29,266.984854,266.984854,310,300,9550,8520,89.641,0,2022年1月29日24时起国内成品油价格按机制上调,https://www.ndrc.gov.cn/xwdt/xwfb/202201/t20220129_1313943.html,0
W0155,2022-02-17,2022-02-18,2022-02,2022-01-30,2022-02-17,226.156765,226.156765,210,200,9760,8720,96.955,0,2022年2月17日24时起国内成品油价格按机制上调,https://www.ndrc.gov.cn/xwdt/xwfb/202202/t20220217_1315772.html,0
W0156,2022-03-03,2022-03-04,2022-03,2022-02-18,2022-03-03,134.991597,134.991597,260,255,10020,8975,102.123,0,2022年3月3日24时起国内成品油价格按机制上调,https://www.ndrc.gov.cn/xwdt/xwfb/202203/t20220303_1318078.html,0
W0157,2022-03-17,2022-03-18,2022-03,2022-03-04,2022-03-17,214.120406,214.120406,750,720,10770,9695,117.079,0,2022年3月17日24时起国内成品油价格按机制上调,https://www.ndrc.gov.cn/xwdt/xwfb/202203/t20220317_1319438.html,0
W0158,2022-03-31,2022-04-01,2022-03,2022-03-18,2022-03-31,0.0,0.0,110,110,10880,9805,118.869,0,2022年3月31日24时起国内成品油价格按机制上调,https://www.ndrc.gov.cn/xwdt/xwfb/202203/t20220331_1321429.html,0
W0159,2022-04-15,2022-04-16,2022-04,2022-04-01,2022-04-15,-593.872823,-593.872823,-545,-530,10335,9275,104.444,0,2022年4月15日24时起国内成品油价格按机制下调,https://www.ndrc.gov.cn/xwdt/xwfb/202204/t20220415_1322196.html,0
W0160,2022-04-28,2022-04-29,2022-04,2022-04-16,2022-04-28,0.0,0.0,205,200,10540,9475,105.209,0,2022年4月28日24时起国内成品油价格按机制上调,https://www.ndrc.gov.cn/xwdt/xwfb/202204/t20220428_1323651.html,0
W0161,2022-05-16,2022-05-17,2022-05,2022-04-29,2022-05-16,104.913796,104.913796,285,270,10825,9745,108.696,0,2022年5月16日24时起国内成品油价格按机制上调,https://www.ndrc.gov.cn/xwdt/xwfb/202205/t20220516_1324609.html,0
W0162,2022-05-30,2022-05-31,2022-05,2022-05-17,2022-05-30,99.675588,99.675588,400,390,11225,10135,115.295,0,2022年5月30日24时起国内成品油价格按机制上调,https://www.ndrc.gov.cn/xwdt/xwfb/202205/t20220530_1326109.html,0
W0163,2022-06-14,2022-06-15,2022-06,2022-05-31,2022-06-14,55.011479,55.011479,390,375,11615,10510,126.185,0,2022年6月14日24时起国内成品油价格按机制上调,https://www.ndrc.gov.cn/xwdt/xwfb/202206/t20220614_1327247.html,0
W0164,2022-06-28,2022-06-29,2022-06,2022-06-15,2022-06-28,-249.790247,-249.790247,-320,-310,11295,10200,120.083,0,2022年6月28日24时起国内成品油价格按机制下调,https://www.ndrc.gov.cn/xwdt/xwfb/202206/t20220628_1328991.html,0
W0165,2022-07-12,2022-07-13,2022-07,2022-06-29,2022-07-12,-232.005371,-232.005371,-360,-345,10935,9855,116.503,0,2022年7月12日24时起国内成品油价格按机制下调,https://www.ndrc.gov.cn/xwdt/xwfb/202207/t20220712_1330413.html,0
W0166,2022-07-26,2022-07-27,2022-07,2022-07-13,2022-07-26,-274.465747,-274.465747,-300,-290,10635,9565,111.005,0,2022年7月26日24时起国内成品油价格按机制下调,https://www.ndrc.gov.cn/xwdt/xwfb/202207/t20220726_1331402.html,0
W0167,2022-08-09,2022-08-10,2022-08,2022-07-27,2022-08-09,-245.576658,-245.576658,-130,-125,10505,9440,105.433,0,2022年8月9日24时起国内成品油价格按机制下调,https://www.ndrc.gov.cn/xwdt/xwfb/202208/t20220809_1332823.html,0
W0168,2022-08-23,2022-08-24,2022-08,2022-08-10,2022-08-23,-227.114173,-227.114173,-205,-200,10300,9240,99.845,0,2022年8月23日24时起国内成品油价格按机制下调,https://www.ndrc.gov.cn/xwdt/xwfb/202208/t20220823_1333590.html,0
W0169,2022-09-06,2022-09-07,2022-09,2022-08-24,2022-09-06,-100.434514,-100.434514,190,185,10490,9425,96.98,0,2022年9月6日24时起国内成品油价格按机制上调,https://www.ndrc.gov.cn/xwdt/xwfb/202209/t20220906_1335202.html,0
W0170,2022-09-21,2022-09-22,2022-09,2022-09-07,2022-09-21,-309.997323,-309.997323,-290,-280,10200,9145,90.458,0,2022年9月21日24时起国内成品油价格按机制下调,https://www.ndrc.gov.cn/xwdt/xwfb/202209/t20220921_1335893.html,0
W0171,2022-10-10,2022-10-10,2022-10,2022-09-22,2022-10-10,0.0,0.0,0,0,10200,9145,90.968,0,2022年10月10日国内成品油价格不作调整,https://www.ndrc.gov.cn/xwdt/xwfb/202210/t20221010_1338431.html,0
W0172,2022-10-24,2022-10-25,2022-10,2022-10-11,2022-10-24,72.738391,72.738391,185,175,10385,9320,92.83,0,2022年10月24日24时起国内成品油价格按机制上调,https://www.ndrc.gov.cn/xwdt/xwfb/202210/t20221024_1338989.html,0
W0173,2022-11-07,2022-11-08,2022-11,2022-10-25,2022-11-07,55.767586,55.767586,155,150,10540,9470,94.438,0,2022年11月7日24时起国内成品油价格按机制上调,https://www.ndrc.gov.cn/xwdt/xwfb/202211/t20221107_1340921.html,0
W0174,2022-11-21,2022-11-22,2022-11,2022-11-08,2022-11-21,0.0,0.0,-175,-165,10365,9305,94.082,0,2022年11月21日24时起国内成品油价格按机制下调,https://www.ndrc.gov.cn/xwdt/xwfb/202211/t20221121_1341667.html,0
W0175,2022-12-05,2022-12-06,2022-12,2022-11-22,2022-12-05,-410.603625,-410.603625,-440,-425,9925,8880,85.713,0,2022年12月5日24时起国内成品油价格按机制下调,https://www.ndrc.gov.cn/xwdt/xwfb/202212/t20221205_1343287.html,0
W0176,2022-12-19,2022-12-20,2022-12,2022-12-06,2022-12-19,-283.260361,-283.260361,-480,-460,9445,8420,79.679,0,2022年12月19日24时起国内成品油价格按机制下调,https://www.ndrc.gov.cn/xwdt/xwfb/202212/t20221219_1343672.html,0
W0177,2023-01-03,2023-01-04,2023-01,2022-12-20,2023-01-03,97.861563,97.861563,250,240,9695,8660,81.141,0,2023年1月3日24时起国内成品油价格按机制上调,https://www.ndrc.gov.cn/xwdt/xwfb/202301/t20230103_1345637.html,0
W0178,2023-01-17,2023-01-18,2023-01,2023-01-04,2023-01-17,-70.237924,-70.237924,-205,-195,9490,8465,79.449,0,2023年1月17日24时起国内成品油价格按机制下调,https://www.ndrc.gov.cn/xwdt/xwfb/202301/t20230117_1346762.html,0
W0179,2023-02-03,2023-02-04,2023-02,2023-01-18,2023-02-03,205.214264,205.214264,210,200,9700,8665,84.698,0,2023年2月3日24时起国内成品油价格按机制上调,https://www.ndrc.gov.cn/xwdt/xwfb/202302/t20230203_1348327.html,0
W0180,2023-02-17,2023-02-17,2023-02,2023-02-04,2023-02-17,-62.058885,-62.058885,0,0,9700,8665,83.423,0,2023年2月17日国内成品油价格不作调整,https://www.ndrc.gov.cn/xwdt/xwfb/202302/t20230217_1348864.html,0
W0181,2023-03-03,2023-03-03,2023-03,2023-02-18,2023-03-03,0.0,0.0,0,0,9700,8665,82.312,0,2023年3月3日国内成品油价格不作调整,https://www.ndrc.gov.cn/xwdt/xwfb/202303/t20230303_1350622.html,0
W0182,2023-03-17,2023-03-18,2023-03,2023-03-04,2023-03-17,-140.127499,-140.127499,-100,-95,9600,8570,80.389,0,2023年3月17日24时起国内成品油价格按机制下调,https://www.ndrc.gov.cn/xwdt/xwfb/202303/t20230317_1351325.html,0
W0183,2023-03-31,2023-04-01,2023-03,2023-03-18,2023-03-31,-226.65607,-226.65607,-335,-320,9265,8250,75.308,0,2023年3月31日24时起国内成品油价格按机制下调,https://www.ndrc.gov.cn/xwdt/xwfb/202303/t20230331_1353081.html,0
W0184,2023-04-17,2023-04-18,2023-04,2023-04-01,2023-04-17,431.914703,431.914703,550,525,9815,8775,85.105,0,2023年4月17日24时起国内成品油价格按机制上调,https://www.ndrc.gov.cn/xwdt/xwfb/202304/t20230417_1353648.html,0
W0185,2023-04-28,2023-04-29,2023-04,2023-04-18,2023-04-28,-74.818949,-74.818949,-160,-155,9655,8620,83.607,0,2023年4月28日24时起国内成品油价格按机制下调,https://www.ndrc.gov.cn/xwdt/xwfb/202304/t20230428_1355157.html,0
W0186,2023-05-16,2023-05-17,2023-05,2023-04-29,2023-05-16,-351.651247,-351.651247,-380,-365,9275,8255,75.957,0,2023年5月16日24时起国内成品油价格按机制下调,https://www.ndrc.gov.cn/xwdt/xwfb/202305/t20230516_1355789.html,0
W0187,2023-05-30,2023-05-31,2023-05,2023-05-17,2023-05-30,0.0,0.0,100,95,9375,8350,76.117,0,2023年5月30日24时起国内成品油价格按机制上调,https://www.ndrc.gov.cn/xwdt/xwfb/202305/t20230530_1356745.html,0
W0188,2023-06-13,2023-06-14,2023-06,2023-05-31,2023-06-13,-51.646909,-51.646909,-55,-50,9320,8300,74.764,0,2023年6月13日24时起国内成品油价格按机制下调,https://www.ndrc.gov.cn/xwdt/xwfb/202306/t20230613_1357539.html,0
W0189,2023-06-28,2023-06-29,2023-06,2023-06-14,2023-06-28,0.0,0.0,70,70,9390,8370,74.793,0,2023年6月28日24时起国内成品油价格按机制上调,https://www.ndrc.gov.cn/xwdt/xwfb/202306/t20230628_1357927.html,0
W0190,2023-07-12,2023-07-13,2023-07,2023-06-29,2023-07-12,50.428828,50.428828,155,150,9545,8520,76.236,0,2023年7月12日24时起国内成品油价格按机制上调,https://www.ndrc.gov.cn/xwdt/xwfb/202307/t20230712_1358334.html,0
W0191,2023-07-26,2023-07-27,2023-07,2023-07-13,2023-07-26,232.854146,232.854146,275,260,9820,8780,80.495,0,2023年7月26日24时起国内成品油价格按机制上调,https://www.ndrc.gov.cn/xwdt/xwfb/202307/t20230726_1358699.html,0
W0192,2023-08-09,2023-08-10,2023-08,2023-07-27,2023-08-09,214.697194,214.697194,240,230,10060,9010,85.436,0,2023年8月9日24时起国内成品油价格按机制上调,https://www.ndrc.gov.cn/xwdt/xwfb/202308/t20230809_1359258.html,0
W0193,2023-08-23,2023-08-24,2023-08,2023-08-10,2023-08-23,0.0,0.0,55,55,10115,9065,86.415,0,2023年8月23日24时起国内成品油价格按机制上调,https://www.ndrc.gov.cn/xwdt/xwfb/202308/t20230823_1360025.html,0
W0194,2023-09-06,2023-09-06,2023-09,2023-08-24,2023-09-06,0.0,0.0,0,0,10115,9065,87.006,0,2023年9月6日国内成品油价格不作调整,https://www.ndrc.gov.cn/xwdt/xwfb/202309/t20230906_1360397.html,0
W0195,2023-09-20,2023-09-21,2023-09,2023-09-07,2023-09-20,302.588708,302.588708,385,370,10500,9435,93.62,0,2023年9月20日24时起国内成品油价格按机制调整,https://www.ndrc.gov.cn/xwdt/xwfb/202309/t20230920_1360717.html,0
W0196,2023-10-10,2023-10-11,2023-10,2023-09-21,2023-10-10,0.0,0.0,-85,-80,10415,9355,92.707,0,2023年10月10日24时起国内成品油价格按机制调整,https://www.ndrc.gov.cn/xwdt/xwfb/202310/t20231010_1361121.html,0
W0197,2023-10-24,2023-10-25,2023-10,2023-10-11,2023-10-24,-101.556222,-101.556222,-70,-70,10345,9285,91.523,0,2023年10月24日24时起国内成品油价格按机制调整,https://www.ndrc.gov.cn/xwdt/xwfb/202310/t20231024_1361478.html,0
W0198,2023-11-07,2023-11-08,2023-11,2023-10-25,2023-11-07,-145.280841,-145.280841,-140,-135,10205,9150,88.567,0,2023年11月7日24时起国内成品油价格按机制调整,https://www.ndrc.gov.cn/xwdt/xwfb/202311/t20231107_1361829.html,0
W0199,2023-11-21,2023-11-22,2023-11,2023-11-08,2023-11-21,-276.784891,-276.784891,-340,-330,9865,8820,82.318,0,2023年11月21日24时起国内成品油价格按机制调整,https://www.ndrc.gov.cn/xwdt/xwfb/202311/t20231121_1362158.html,0
W0200,2023-12-05,2023-12-06,2023-12,2023-11-22,2023-12-05,-77.944544,-77.944544,-55,-50,9810,8770,80.758,0,2023年12月5日24时起国内成品油价格按机制调整,https://www.ndrc.gov.cn/xwdt/xwfb/202312/t20231205_1362437.html,0
W0201,2023-12-19,2023-12-20,2023-12,2023-12-06,2023-12-19,-248.435027,-248.435027,-415,-400,9395,8370,75.853,0,2023年12月19日24时起国内成品油价格按机制调整,https://www.ndrc.gov.cn/xwdt/xwfb/202312/t20231219_1362767.html,0
W0202,2024-01-03,2024-01-04,2024-01,2023-12-20,2024-01-03,144.311521,144.311521,200,190,9595,8560,79.155,0,2024年1月3日24时起国内成品油价格按机制调整,https://www.ndrc.gov.cn/xwdt/xwfb/202401/t20240103_1363079.html,0
W0203,2024-01-17,2024-01-18,2024-01,2024-01-04,2024-01-17,0.0,0.0,-50,-50,9545,8510,78.319,0,2024年1月17日24时起国内成品油价格按机制调整,https://www.ndrc.gov.cn/xwdt/xwfb/202401/t20240117_1363439.html,0
W0204,2024-01-31,2024-02-01,2024-01,2024-01-18,2024-01-31,145.088135,145.088135,200,200,9745,8710,82.032,0,2024年1月31日24时起国内成品油价格按机制上调,https://www.ndrc.gov.cn/xwdt/xwfb/202401/t20240131_1363834.html,0
W0205,2024-02-19,2024-02-19,2024-02,2024-02-01,2024-02-19,0.0,0.0,0,0,9745,8710,82.975,0,2024年2月19日国内成品油价格按机制不作调整,https://www.ndrc.gov.cn/xwdt/xwfb/202402/t20240219_1364095.html,0
W0206,2024-03-04,2024-03-05,2024-03,2024-02-20,2024-03-04,131.001777,131.001777,125,120,9870,8830,84.637,0,2024年3月4日国内成品油价格按机制调整,https://www.ndrc.gov.cn/xwdt/xwfb/202403/t20240304_1364393.html,0
W0207,2024-03-18,2024-03-18,2024-03,2024-03-05,2024-03-18,0.0,0.0,0,0,9870,8830,85.076,0,2024年3月18日国内成品油价格按机制不作调整,https://www.ndrc.gov.cn/xwdt/xwfb/202403/t20240318_1365046.html,0
W0208,2024-04-01,2024-04-02,2024-04,2024-03-19,2024-04-01,85.458625,85.458625,200,190,10070,9020,85.798,0,2024年4月1日国内成品油价格按机制调整,https://www.ndrc.gov.cn/xwdt/xwfb/202404/t20240401_1365388.html,0
W0209,2024-04-16,2024-04-17,2024-04,2024-04-02,2024-04-16,192.041217,192.041217,200,195,10270,9215,91.224,0,国内成品油价格按机制调整,https://www.ndrc.gov.cn/xwdt/xwfb/202404/t20240416_1365703.html,0
W0210,2024-04-29,2024-04-30,2024-04,2024-04-17,2024-04-29,-99.499221,-99.499221,-70,-70,10200,9145,89.063,0,2024年4月29日国内成品油价格按机制调整,https://www.ndrc.gov.cn/xwdt/xwfb/202404/t20240429_1366287.html,0
W0211,2024-05-15,2024-05-16,2024-05,2024-04-30,2024-05-15,-236.891798,-236.891798,-235,-225,9965,8920,83.616,0,2024年5月15日国内成品油价格按机制调整,https://www.ndrc.gov.cn/xwdt/xwfb/202405/t20240515_1386222.html,0
W0212,2024-05-29,2024-05-29,2024-05,2024-05-16,2024-05-29,-102.190574,-102.190574,0,0,9965,8920,80.741,0,2024年5月29日国内成品油价格按机制不作调整,https://www.ndrc.gov.cn/xwdt/xwfb/202405/t20240529_1386532.html,0
W0213,2024-06-13,2024-06-14,2024-06,2024-05-30,2024-06-13,-117.312728,-117.312728,-190,-180,9775,8740,78.402,0,2024年6月13日国内成品油价格按机制调整,https://www.ndrc.gov.cn/xwdt/xwfb/202406/t20240613_1386864.html,0
W0214,2024-06-27,2024-06-28,2024-06,2024-06-14,2024-06-27,240.179341,240.179341,210,200,9985,8940,84.747,0,2024年6月27日国内成品油价格按机制调整,https://www.ndrc.gov.cn/xwdt/xwfb/202406/t20240627_1391342.html,0
W0215,2024-07-11,2024-07-12,2024-07,2024-06-28,2024-07-11,115.832618,115.832618,110,105,10095,9045,87.454,0,2024年7月11日国内成品油价格按机制调整,https://www.ndrc.gov.cn/xwdt/xwfb/202407/t20240711_1391617.html,0
W0216,2024-07-25,2024-07-26,2024-07,2024-07-12,2024-07-25,-84.940151,-84.940151,-145,-140,9950,8905,85.272,0,2024年7月25日国内成品油价格按机制调整,https://www.ndrc.gov.cn/xwdt/xwfb/202407/t20240725_1391947.html,0
W0217,2024-08-08,2024-08-09,2024-08,2024-07-26,2024-08-08,-255.654913,-255.654913,-305,-290,9645,8615,79.763,0,2024年8月8日国内成品油价格按机制调整,https://www.ndrc.gov.cn/xwdt/xwfb/202408/t20240808_1392318.html,0
W0218,2024-08-22,2024-08-22,2024-08,2024-08-09,2024-08-22,63.913611,63.913611,0,0,9645,8615,81.291,0,2024年8月22日国内成品油价格按机制不作调整,https://www.ndrc.gov.cn/xwdt/xwfb/202408/t20240822_1392530.html,0
W0219,2024-09-05,2024-09-06,2024-09,2024-08-23,2024-09-05,-120.624428,-120.624428,-100,-100,9545,8515,79.016,0,2024年9月5日国内成品油价格按机制调整,https://www.ndrc.gov.cn/xwdt/xwfb/202409/t20240905_1392834.html,0
W0220,2024-09-20,2024-09-21,2024-09,2024-09-06,2024-09-20,-254.624182,-254.624182,-365,-350,9180,8165,73.229,0,2024年9月20日国内成品油价格按机制调整,https://www.ndrc.gov.cn/xwdt/xwfb/202409/t20240920_1393111.html,0
W0221,2024-10-10,2024-10-11,2024-10,2024-09-21,2024-10-10,128.535616,128.535616,140,135,9320,8300,76.108,0,2024年10月10日国内成品油价格按机制调整,https://www.ndrc.gov.cn/xwdt/xwfb/202410/t20241010_1393553.html,0
W0222,2024-10-23,2024-10-24,2024-10,2024-10-11,2024-10-23,0.0,0.0,90,85,9410,8385,75.858,0,2024年10月23日国内成品油价格按机制调整,https://www.ndrc.gov.cn/xwdt/xwfb/202410/t20241023_1393865.html,0
W0223,2024-11-06,2024-11-07,2024-11,2024-10-24,2024-11-06,-97.915262,-97.915262,-145,-140,9265,8245,73.949,0,2024年11月6日国内成品油价格按机制调整,https://www.ndrc.gov.cn/xwdt/xwfb/202411/t20241106_1394298.html,0
W0224,2024-11-20,2024-11-20,2024-11,2024-11-07,2024-11-20,0.0,0.0,0,0,9265,8245,73.941,0,2024年11月20日国内成品油价格不作调整,https://www.ndrc.gov.cn/xwdt/xwfb/202411/t20241120_1394603.html,0
W0225,2024-12-04,2024-12-04,2024-12,2024-11-21,2024-12-04,0.0,0.0,0,0,9265,8245,74.395,0,2024年12月4日国内成品油价格按机制不作调整,https://www.ndrc.gov.cn/xwdt/xwfb/202412/t20241204_1394837.html,0
W0226,2024-12-18,2024-12-18,2024-12,2024-12-05,2024-12-18,0.0,0.0,0,0,9265,8245,73.986,0,2024年12月18日国内成品油价格按机制不作调整,https://www.ndrc.gov.cn/xwdt/xwfb/202412/t20241218_1395064.html,0
W0227,2025-01-02,2025-01-03,2025-01,2024-12-19,2025-01-02,0.0,0.0,70,70,9335,8315,73.718,0,2025年1月2日国内成品油价格按机制调整,https://www.ndrc.gov.cn/xwdt/xwfb/202501/t20250102_1395423.html,0
W0228,2025-01-16,2025-01-17,2025-01,2025-01-03,2025-01-16,255.51943,255.51943,340,325,9675,8640,79.21,0,2025年1月16日国内成品油价格按机制调整,https://www.ndrc.gov.cn/xwdt/xwfb/202501/t20250116_1395727.html,0
W0229,2025-02-06,2025-02-06,2025-02,2025-01-17,2025-02-06,-88.962864,-88.962864,0,0,9675,8640,77.197,0,2025年2月6日国内成品油价格按机制不作调整,https://www.ndrc.gov.cn/xwdt/xwfb/202502/t20250206_1396007.html,0
W0230,2025-02-19,2025-02-20,2025-02,2025-02-07,2025-02-19,-69.188106,-69.188106,-170,-160,9505,8480,75.626,0,2025年2月19日国内成品油价格按机制调整,https://www.ndrc.gov.cn/xwdt/xwfb/202502/t20250219_1396225.html,0
W0231,2025-03-05,2025-03-06,2025-03,2025-02-20,2025-03-05,-63.814945,-63.814945,-135,-130,9370,8350,74.459,0,2025年3月5日国内成品油价格按机制调整,https://www.ndrc.gov.cn/xwdt/xwfb/202503/t20250305_1396430.html,0
W0232,2025-03-19,2025-03-20,2025-03,2025-03-06,2025-03-19,-139.879049,-139.879049,-280,-270,9090,8080,71.606,0,2025年3月19日国内成品油价格按机制调整,https://www.ndrc.gov.cn/xwdt/xwfb/202503/t20250319_1396715.html,0
W0233,2025-04-02,2025-04-03,2025-04,2025-03-20,2025-04-02,132.801696,132.801696,230,220,9320,8300,74.395,0,2025年4月2日国内成品油价格按机制调整,https://www.ndrc.gov.cn/xwdt/xwfb/202504/t20250402_1396996.html,0
W0234,2025-04-17,2025-04-18,2025-04,2025-04-03,2025-04-17,-341.286678,-341.286678,-480,-465,8840,7835,67.309,0,2025年4月17日国内成品油价格按机制调整,https://www.ndrc.gov.cn/xwdt/xwfb/202504/t20250417_1397240.html,0
W0235,2025-04-30,2025-04-30,2025-04,2025-04-18,2025-04-30,0.0,0.0,0,0,8840,7835,67.288,0,2025年4月30日国内成品油价格按机制不作调整,https://www.ndrc.gov.cn/xwdt/xwfb/202504/t20250430_1397516.html,0
W0236,2025-05-19,2025-05-20,2025-05,2025-05-01,2025-05-19,-111.978054,-111.978054,-230,-220,8610,7615,63.841,0,2025年5月19日国内成品油价格按机制调整,https://www.ndrc.gov.cn/xwdt/xwfb/202505/t20250519_1397793.html,0
W0237,2025-06-03,2025-06-04,2025-06,2025-05-20,2025-06-03,62.406611,62.406611,65,60,8675,7675,65.483,0,2025年6月3日国内成品油价格按机制调整,https://www.ndrc.gov.cn/xwdt/xwfb/202506/t20250603_1398198.html,0
W0238,2025-06-17,2025-06-18,2025-06,2025-06-04,2025-06-17,217.12596,217.12596,260,255,8935,7930,69.965,0,2025年6月17日国内成品油价格按机制调整,https://www.ndrc.gov.cn/xwdt/xwfb/202506/t20250617_1398486.html,0
W0239,2025-07-01,2025-07-02,2025-07,2025-06-18,2025-07-01,138.265523,138.265523,235,225,9170,8155,73.414,0,2025年7月1日国内成品油价格按机制调整,https://www.ndrc.gov.cn/xwdt/xwfb/202507/t20250701_1398919.html,0
W0240,2025-07-15,2025-07-16,2025-07,2025-07-02,2025-07-15,-94.985003,-94.985003,-130,-125,9040,8030,70.971,0,2025年7月15日国内成品油价格按机制调整,https://www.ndrc.gov.cn/xwdt/xwfb/202507/t20250715_1399195.html,0
W0241,2025-07-29,2025-07-29,2025-07,2025-07-16,2025-07-29,0.0,0.0,0,0,9040,8030,70.362,0,2025年7月29日国内成品油价格按机制不作调整,https://www.ndrc.gov.cn/xwdt/xwfb/202507/t20250729_1399467.html,0
W0242,2025-08-12,2025-08-12,2025-08,2025-07-30,2025-08-12,0.0,0.0,0,0,9040,8030,69.936,0,2025年8月12日国内成品油价格按机制不作调整,https://www.ndrc.gov.cn/xwdt/xwfb/202508/t20250812_1399754.html,0
W0243,2025-08-26,2025-08-27,2025-08,2025-08-13,2025-08-26,-160.136392,-160.136392,-180,-175,8860,7855,67.494,0,2025年8月26日国内成品油价格按机制调整,https://www.ndrc.gov.cn/xwdt/xwfb/202508/t20250826_1400056.html,0
W0244,2025-09-09,2025-09-09,2025-09,2025-08-27,2025-09-09,0.0,0.0,0,0,8860,7855,67.079,0,2025年9月9日国内成品油价格按机制不作调整,https://www.ndrc.gov.cn/xwdt/xwfb/202509/t20250909_1400343.html,0
W0245,2025-09-23,2025-09-23,2025-09,2025-09-10,2025-09-23,0.0,0.0,0,0,8860,7855,67.922,0,2025年9月23日国内成品油价格按机制不作调整,https://www.ndrc.gov.cn/xwdt/xwfb/202509/t20250923_1400624.html,0
W0246,2025-10-13,2025-10-14,2025-10,2025-09-24,2025-10-13,0.0,0.0,-75,-70,8785,7785,66.901,0,2025年10月13日国内成品油价格按机制调整,https://www.ndrc.gov.cn/xwdt/xwfb/202510/t20251013_1400937.html,0
W0247,2025-10-27,2025-10-28,2025-10,2025-10-14,2025-10-27,-215.571879,-215.571879,-265,-255,8520,7530,62.79,0,2025年10月27日国内成品油价格按机制调整,https://www.ndrc.gov.cn/xwdt/xwfb/202510/t20251027_1401193.html,0
W0248,2025-11-10,2025-11-11,2025-11,2025-10-28,2025-11-10,86.151591,86.151591,125,120,8645,7650,64.661,0,2025年11月10日国内成品油价格按机制调整,https://www.ndrc.gov.cn/xwdt/xwfb/202511/t20251110_1401464.html,0
W0249,2025-11-24,2025-11-25,2025-11,2025-11-11,2025-11-24,-58.852168,-58.852168,-70,-65,8575,7585,63.256,0,2025年11月24日国内成品油价格按机制调整,https://www.ndrc.gov.cn/xwdt/xwfb/202511/t20251124_1401864.html,0
W0250,2025-12-08,2025-12-09,2025-12,2025-11-25,2025-12-08,0.0,0.0,-55,-55,8520,7530,64.179,0,2025年12月8日国内成品油价格按机制调整,https://www.ndrc.gov.cn/xwdt/xwfb/202512/t20251208_1402287.html,0
W0251,2025-12-22,2025-12-23,2025-12,2025-12-09,2025-12-22,-89.745767,-89.745767,-170,-165,8350,7365,61.715,0,2025年12月22日国内成品油价格按机制调整,https://www.ndrc.gov.cn/xwdt/xwfb/202512/t20251222_1402523.html,0
W0252,2026-01-06,2026-01-06,2026-01,2025-12-23,2026-01-06,0.0,0.0,0,0,8350,7365,62.339,0,2026年1月6日国内成品油价格按机制不作调整,https://www.ndrc.gov.cn/xwdt/xwfb/202601/t20260106_1403050.html,0
W0253,2026-01-20,2026-01-21,2026-01,2026-01-07,2026-01-20,134.09457,134.09457,85,85,8435,7450,65.352,0,2026年1月20日国内成品油价格按机制调整,https://www.ndrc.gov.cn/xwdt/xwfb/202601/t20260120_1403319.html,0
W0254,2026-02-03,2026-02-04,2026-02,2026-01-21,2026-02-03,170.189541,170.189541,205,195,8640,7645,68.787,0,2026年2月3日国内成品油价格按机制调整,https://www.ndrc.gov.cn/xwdt/xwfb/202602/t20260203_1403566.html,0
W0255,2026-02-24,2026-02-25,2026-02,2026-02-04,2026-02-24,128.893509,128.893509,175,170,8815,7815,71.247,0,2026年2月24日国内成品油价格按机制调整,https://www.ndrc.gov.cn/xwdt/xwfb/202602/t20260224_1403852.html,0
W0256,2026-03-09,2026-03-10,2026-03,2026-02-25,2026-03-09,342.626959,342.626959,695,670,9510,8485,78.319,0,2026年3月9日国内成品油价格按机制调整,https://www.ndrc.gov.cn/xwdt/xwfb/202603/t20260309_1404075.html,0
W0257,2026-03-23,2026-03-24,2026-03,2026-03-10,2026-03-23,679.538636,679.538636,1160,1115,10670,9600,103.777,1,special control window; see NDRC notice/title and task-specific 2026 case,https://www.ndrc.gov.cn/xwdt/xwfb/202603/t20260323_1404295.html,0
W0258,2026-04-07,2026-04-08,2026-04,2026-03-24,2026-04-07,190.558713,190.558713,420,400,11090,10000,117.037,1,special control window; see NDRC notice/title and task-specific 2026 case,https://www.ndrc.gov.cn/xwdt/xwfb/202604/t20260407_1404528.html,0
W0259,2026-04-21,2026-04-22,2026-04,2026-04-08,2026-04-21,0.0,0.0,-555,-530,10535,9470,117.398,0,2026年4月21日国内成品油价格下调,https://www.ndrc.gov.cn/xwdt/xwfb/202604/t20260421_1404789.html,0
W0260,2026-05-08,2026-05-09,2026-05,2026-04-22,2026-05-08,-59.563493,-59.563493,320,310,10855,9780,114.626,0,2026年5月8日国内成品油价格调整,https://www.ndrc.gov.cn/xwdt/xwfb/202605/t20260508_1405100.html,0
