window_id,adjust_date,effective_date,month,theory_gasoline_adjust_yuan_per_ton,theory_diesel_adjust_yuan_per_ton,actual_gasoline_adjust_yuan_per_ton,actual_diesel_adjust_yuan_per_ton,gasoline_price_yuan_per_ton,diesel_price_yuan_per_ton,gasoline_weight,diesel_weight,brent_window_avg_usd_per_barrel,brent_window_volatility,brent_high_price_pressure_h,brent_volatility_pressure_v,geo_risk_score,crude_import_dependency,crude_import_dependency_ma3,supply_buffer_pressure_b,cpi_yoy,cpi_mom,usd_cny_avg,brent_month_avg_usd_per_barrel,rmb_oil_cost_shock,gasoline_consumption_ton,diesel_consumption_ton,refining_processing_cost_yuan_per_ton,inventory_cost_proxy_yuan_per_ton,policy_special_flag,policy_note,assumption_flag,data_quality_flag
W0001,2016-01-13,2016-01-14,2016-01,0.0,0.0,-140,-135,6925,5970,0.5,0.5,33.936,2.838679,0.0,0.283868,0.0,,,,0.018,0.005,6.566426,31.353548,,,,480.0,136.631025,0,完善成品油价格机制 同步下调成品油价格,1,warn_missing_joined_monthly_data
W0002,2016-01-27,2016-01-27,2016-01,0.0,0.0,0,0,6925,5970,0.5,0.5,28.576,1.583971,0.0,0.158397,0.0,,,,0.018,0.005,6.566426,31.353548,,,,480.0,76.23953,1,special control window; see NDRC notice/title and task-specific 2026 case,1,warn_missing_joined_monthly_data
W0003,2016-02-15,2016-02-15,2016-02,85.159035,85.159035,0,0,6925,5970,0.5,0.5,31.297,1.176893,0.0,0.117689,0.0,,,,0.023,0.016,6.550841,32.364483,0.029793,,,480.0,56.511643,1,special control window; see NDRC notice/title and task-specific 2026 case,1,warn_missing_joined_monthly_data
W0004,2016-02-29,2016-02-29,2016-02,60.015889,60.015889,0,0,6925,5970,0.5,0.5,32.654,1.761902,0.0,0.17619,0.0,,,,0.023,0.016,6.550841,32.364483,0.029793,,,480.0,84.602442,1,special control window; see NDRC notice/title and task-specific 2026 case,1,warn_missing_joined_monthly_data
W0005,2016-03-14,2016-03-14,2016-03,251.455017,251.455017,0,0,6925,5970,0.426397,0.573603,37.787,1.384979,0.0,0.138498,0.0,0.652417,0.652417,0.0,0.023,-0.004,6.500816,38.328387,0.175229,10960800.0,14744800.0,480.0,65.995592,1,special control window; see NDRC notice/title and task-specific 2026 case,1,ok
W0006,2016-03-28,2016-03-28,2016-03,79.680893,79.680893,0,0,6925,5970,0.426397,0.573603,38.951,0.760647,0.0,0.076065,0.0,0.652417,0.652417,0.0,0.023,-0.004,6.500816,38.328387,0.175229,10960800.0,14744800.0,480.0,36.245571,1,special control window; see NDRC notice/title and task-specific 2026 case,1,ok
W0007,2016-04-12,2016-04-12,2016-04,0.0,0.0,0,0,6925,5970,0.427239,0.572761,37.581,2.31893,0.0,0.231893,0.0,0.66264,0.657528,0.0,0.023,-0.002,6.476183,41.457667,0.077545,10901000.0,14614000.0,480.0,110.0806,1,special control window; see NDRC notice/title and task-specific 2026 case,1,ok
W0008,2016-04-26,2016-04-27,2016-04,243.753168,243.753168,165,160,7090,6130,0.427239,0.572761,42.834,0.99879,0.0,0.099879,0.0,0.66264,0.657528,0.0,0.023,-0.002,6.476183,41.457667,0.077545,10901000.0,14614000.0,480.0,47.412989,0,国内成品油价格按机制上调,1,ok
W0009,2016-05-11,2016-05-12,2016-05,92.994497,92.994497,120,115,7210,6245,0.421158,0.578842,44.283,1.089035,0.0,0.108904,0.0,0.656472,0.657176,0.0,0.02,-0.005,6.527413,46.931613,0.140992,10566000.0,14522000.0,480.0,52.105902,0,国内成品油价格按机制上调,1,ok
W0010,2016-05-25,2016-05-26,2016-05,158.436349,158.436349,210,200,7420,6445,0.421158,0.578842,47.743,0.827944,0.0,0.082794,0.0,0.656472,0.657176,0.0,0.02,-0.005,6.527413,46.931613,0.140992,10566000.0,14522000.0,480.0,39.613773,0,国内成品油价格按机制上调,1,ok
W0011,2016-06-08,2016-06-09,2016-06,67.989735,67.989735,110,110,7530,6555,0.430253,0.569747,49.022,0.564866,0.0,0.056487,0.0,0.648743,0.655951,0.0,0.019,-0.001,6.586943,48.145333,0.035217,11005000.0,14573000.0,480.0,27.273043,0,国内成品油价格按机制上调,1,ok
W0012,2016-06-23,2016-06-23,2016-06,0.0,0.0,0,0,7530,6555,0.430253,0.569747,48.252,1.397669,0.0,0.139767,0.0,0.648743,0.655951,0.0,0.019,-0.001,6.586943,48.145333,0.035217,11005000.0,14573000.0,480.0,67.482644,0,6月23日国内成品油价格不作调整,1,ok
W0013,2016-07-07,2016-07-07,2016-07,-78.43159,-78.43159,0,0,7530,6555,0.417059,0.582941,47.014,1.011355,0.0,0.101135,0.0,0.650095,0.65177,0.0,0.018,0.002,6.673581,44.866129,-0.055853,10542000.0,14735000.0,480.0,49.472799,0,7月7日国内成品油价格不作调整,1,ok
W0014,2016-07-21,2016-07-22,2016-07,-88.380692,-88.380692,-155,-150,7375,6405,0.417059,0.582941,45.502,0.81819,0.0,0.081819,0.0,0.650095,0.65177,0.0,0.018,0.002,6.673581,44.866129,-0.055853,10542000.0,14735000.0,480.0,40.023678,0,国内成品油价格按机制下调,1,ok
W0015,2016-08-04,2016-08-05,2016-08,-158.895074,-158.895074,-220,-215,7155,6190,0.421978,0.578022,42.258,1.60272,0.0,0.160272,0.0,0.666342,0.65506,0.0,0.013,0.001,6.647839,46.053871,0.022514,10533000.0,14428000.0,480.0,78.098376,0,国内成品油价格按机制下调,1,ok
W0016,2016-08-18,2016-08-19,2016-08,111.280422,111.280422,175,170,7330,6360,0.421978,0.578022,44.611,2.423138,0.0,0.242314,0.0,0.666342,0.65506,0.0,0.013,0.001,6.647839,46.053871,0.022514,10533000.0,14428000.0,480.0,118.076264,0,国内成品油价格按机制上调,1,ok
W0017,2016-09-01,2016-09-02,2016-09,185.645729,185.645729,205,200,7535,6560,0.412946,0.587054,48.766,1.240393,0.0,0.124039,0.0,0.674212,0.66355,0.0,0.019,0.007,6.671527,46.569667,0.014803,10118000.0,14384000.0,480.0,60.658043,0,国内成品油价格按机制上调,1,ok
W0018,2016-09-18,2016-09-19,2016-09,-93.090558,-93.090558,-155,-150,7380,6410,0.412946,0.587054,46.857,1.239587,0.0,0.123959,0.0,0.674212,0.66355,0.0,0.019,0.007,6.671527,46.569667,0.014803,10118000.0,14384000.0,480.0,60.618627,0,国内成品油价格按机制下调,1,ok
W0019,2016-09-30,2016-09-30,2016-09,0.0,0.0,0,0,7380,6410,0.412946,0.587054,46.193,1.03577,0.0,0.103577,0.0,0.674212,0.66355,0.0,0.019,0.007,6.671527,46.569667,0.014803,10118000.0,14384000.0,480.0,50.651508,0,9月30日国内成品油价格不作调整,1,ok
W0020,2016-10-19,2016-10-20,2016-10,181.96151,181.96151,355,340,7735,6750,0.418586,0.581414,49.903,1.008827,0.0,0.100883,0.0,0.642046,0.660867,0.0,0.021,-0.001,6.725384,49.396452,0.069263,11193000.0,15547000.0,480.0,49.732221,0,国内成品油价格按机制上调,1,ok
W0021,2016-11-02,2016-11-02,2016-11,0.0,0.0,0,0,7735,6750,0.409887,0.590113,48.929,1.852056,0.0,0.185206,0.0,0.667836,0.661365,0.0,0.023,0.001,6.84118,44.498333,-0.083649,10605000.0,15268000.0,480.0,92.872905,0,11月2日国内成品油价格不作调整,1,ok
W0022,2016-11-16,2016-11-17,2016-11,-297.614551,-297.614551,-365,-355,7370,6395,0.409887,0.590113,43.26,1.032401,0.0,0.10324,0.0,0.667836,0.661365,0.0,0.023,0.001,6.84118,44.498333,-0.083649,10605000.0,15268000.0,480.0,51.770618,0,国内成品油价格按机制下调,1,ok
W0023,2016-11-30,2016-12-01,2016-11,97.904783,97.904783,175,170,7545,6565,0.409887,0.590113,45.783,1.144131,0.0,0.114413,0.0,0.667836,0.661365,0.0,0.023,0.001,6.84118,44.498333,-0.083649,10605000.0,15268000.0,480.0,57.373409,0,国内成品油价格按机制上调,1,ok
W0024,2016-12-14,2016-12-15,2016-12,296.74513,296.74513,435,420,7980,6985,0.414845,0.585155,52.115,0.626104,0.0,0.06261,0.0,0.684452,0.664778,0.0,0.021,0.002,6.921865,53.362258,0.21334,11234000.0,15846000.0,480.0,31.766823,0,国内成品油价格按机制上调,1,ok
W0025,2016-12-28,2016-12-29,2016-12,58.660669,58.660669,100,95,8080,7080,0.414845,0.585155,53.536,0.726886,0.0,0.072689,0.0,0.684452,0.664778,0.0,0.021,0.002,6.921865,53.362258,0.21334,11234000.0,15846000.0,480.0,36.880227,0,国内成品油价格按机制上调,1,ok
W0026,2017-01-12,2017-01-13,2017-01,54.404133,54.404133,70,70,8150,7150,0.5,0.5,54.659,0.734628,0.0,0.073463,0.0,,0.676144,0.0,0.025,0.01,6.893448,54.717742,0.021192,,,500.0,37.119998,0,国内成品油价格按机制上调,1,warn_missing_joined_monthly_data
W0027,2017-01-25,2017-01-26,2017-01,0.0,0.0,-70,-70,8080,7080,0.5,0.5,54.296,0.512127,0.0,0.051213,0.0,,0.676144,0.0,0.025,0.01,6.893448,54.717742,0.021192,,,500.0,25.877278,0,国内成品油价格按机制下调,1,warn_missing_joined_monthly_data
W0028,2017-02-14,2017-02-15,2017-02,0.0,0.0,50,50,8130,7130,0.5,0.5,54.946,0.656197,0.0,0.06562,0.0,,0.684452,0.0,0.008,-0.002,6.868754,54.9275,0.000237,,,500.0,33.038163,0,国内成品油价格按机制上调,1,warn_missing_joined_monthly_data
W0029,2017-02-28,2017-02-28,2017-02,0.0,0.0,0,0,8130,7130,0.5,0.5,54.982,0.681246,0.0,0.068125,0.0,,0.684452,0.0,0.008,-0.002,6.868754,54.9275,0.000237,,,500.0,34.299342,0,2月28日国内成品油价格不作调整,1,warn_missing_joined_monthly_data
W0030,2017-03-14,2017-03-15,2017-03,-66.010954,-66.010954,-85,-85,8045,7045,0.419332,0.580668,53.138,2.049815,0.0,0.204981,0.0,0.701486,0.701486,0.007429,0.009,-0.003,6.894303,51.520968,-0.05853,11236000.0,15559000.0,500.0,103.58789,0,国内成品油价格按机制下调,1,ok
W0031,2017-03-28,2017-03-29,2017-03,-151.57975,-151.57975,-230,-220,7815,6825,0.419332,0.580668,50.2,0.345809,0.0,0.034581,0.0,0.701486,0.701486,0.007429,0.009,-0.003,6.894303,51.520968,-0.05853,11236000.0,15559000.0,500.0,17.475528,0,国内成品油价格按机制下调,1,ok
W0032,2017-04-12,2017-04-13,2017-04,154.661775,154.661775,200,190,8015,7015,0.418302,0.581698,53.172,1.133237,0.0,0.113324,0.0,0.682612,0.692049,0.0,0.012,0.001,6.887637,52.355333,0.015212,10463000.0,14550000.0,500.0,57.213043,0,国内成品油价格按机制上调,1,ok
W0033,2017-04-26,2017-04-26,2017-04,0.0,0.0,0,0,8015,7015,0.418302,0.581698,52.376,2.353292,0.0,0.235329,0.0,0.682612,0.692049,0.0,0.012,0.001,6.887637,52.355333,0.015212,10463000.0,14550000.0,500.0,118.809191,0,4月26日国内成品油价格不作调整,1,ok
W0034,2017-05-11,2017-05-12,2017-05,-211.200194,-211.200194,-250,-235,7765,6780,0.423642,0.576358,48.42,1.1139,0.0,0.11139,0.0,0.695808,0.693302,0.0,0.015,-0.001,6.883123,50.251935,-0.040804,11135000.0,15149000.0,500.0,56.199921,0,国内成品油价格按机制下调,1,ok
W0035,2017-05-25,2017-05-26,2017-05,140.723052,140.723052,140,135,7905,6915,0.423642,0.576358,51.684,1.518351,0.0,0.151835,0.0,0.695808,0.693302,0.0,0.015,-0.001,6.883123,50.251935,-0.040804,11135000.0,15149000.0,500.0,76.605776,0,国内成品油价格按机制上调,1,ok
W0036,2017-06-09,2017-06-10,2017-06,-104.481086,-104.481086,-180,-175,7725,6740,0.421641,0.578359,49.175,1.714668,0.0,0.171467,0.25,0.690149,0.689523,0.0,0.015,-0.002,6.808127,46.332667,-0.088038,11020000.0,15116000.0,500.0,85.56805,0,国内成品油价格按机制下调,1,ok
W0037,2017-06-23,2017-06-24,2017-06,-164.726338,-164.726338,-250,-240,7475,6500,0.421641,0.578359,45.654,0.987301,0.0,0.09873,0.25,0.690149,0.689523,0.0,0.015,-0.002,6.808127,46.332667,-0.088038,11020000.0,15116000.0,500.0,49.269843,0,国内成品油价格按机制下调,1,ok
W0038,2017-07-07,2017-07-07,2017-07,0.0,0.0,0,0,7475,6500,0.417508,0.582492,46.934,1.622939,0.0,0.162294,0.25,0.681323,0.689094,0.0,0.014,0.001,6.771177,48.382903,0.038583,10583000.0,14765000.0,500.0,80.550896,0,7月7日国内成品油价格不作调整,1,ok
W0039,2017-07-21,2017-07-22,2017-07,82.214461,82.214461,75,75,7550,6575,0.417508,0.582492,47.445,0.690326,0.0,0.069033,0.25,0.681323,0.689094,0.0,0.014,0.001,6.771177,48.382903,0.038583,10583000.0,14765000.0,500.0,34.262746,0,国内成品油价格按机制上调,1,ok
W0040,2017-08-04,2017-08-05,2017-08,142.493427,142.493427,175,165,7725,6740,0.419921,0.580079,50.495,1.859672,0.0,0.185967,0.25,0.680457,0.683977,0.0,0.018,0.004,6.669377,51.701935,0.052534,10776000.0,14886000.0,500.0,90.912945,0,国内成品油价格按机制上调,1,ok
W0041,2017-08-18,2017-08-18,2017-08,0.0,0.0,0,0,7725,6740,0.419921,0.580079,51.425,0.819883,0.0,0.081988,0.25,0.680457,0.683977,0.0,0.018,0.004,6.669377,51.701935,0.052534,10776000.0,14886000.0,500.0,40.081256,0,8月18日国内成品油价格不作调整,1,ok
W0042,2017-09-01,2017-09-01,2017-09,0.0,0.0,0,0,7725,6740,0.417678,0.582322,51.921,0.558102,0.0,0.05581,0.25,0.704429,0.688737,0.0,0.016,0.005,6.564437,56.010333,0.066286,11459000.0,15976000.0,500.0,26.85436,0,9月1日国内成品油价格不作调整,1,ok
W0043,2017-09-15,2017-09-16,2017-09,135.33018,135.33018,95,95,7820,6835,0.417678,0.582322,54.411,1.117851,0.0,0.111785,0.25,0.704429,0.688737,0.0,0.016,0.005,6.564437,56.010333,0.066286,11459000.0,15976000.0,500.0,53.788016,0,国内成品油价格按机制上调,1,ok
W0044,2017-09-29,2017-09-30,2017-09,148.486935,148.486935,210,195,8030,7030,0.417678,0.582322,57.808,1.241984,0.0,0.124198,0.25,0.704429,0.688737,0.0,0.016,0.005,6.564437,56.010333,0.066286,11459000.0,15976000.0,500.0,59.760947,0,国内成品油价格按机制上调,1,ok
W0045,2017-10-19,2017-10-19,2017-10,0.0,0.0,0,0,8030,7030,0.414938,0.585062,56.679,0.819998,0.0,0.082,0.25,0.659707,0.681531,0.0,0.019,0.001,6.627103,57.515806,0.036681,11661000.0,16442000.0,500.0,39.832748,0,10月19日国内成品油价格不作调整,1,ok
W0046,2017-11-02,2017-11-03,2017-11,78.043819,78.043819,150,150,8180,7180,0.417843,0.582157,59.157,1.334579,0.0,0.133458,0.25,0.702327,0.688821,0.0,0.017,0.0,6.62143,62.703,0.089254,11428000.0,15922000.0,500.0,64.773881,0,国内成品油价格按机制上调,1,ok
W0047,2017-11-16,2017-11-17,2017-11,175.953998,175.953998,265,250,8445,7430,0.417843,0.582157,62.874,1.468263,0.0,0.146826,0.25,0.702327,0.688821,0.0,0.017,0.0,6.62143,62.703,0.089254,11428000.0,15922000.0,500.0,71.262268,0,国内成品油价格按机制上调,1,ok
W0048,2017-11-30,2017-11-30,2017-11,0.0,0.0,0,0,8445,7430,0.417843,0.582157,62.646,0.96482,0.0,0.096482,0.25,0.702327,0.688821,0.0,0.017,0.0,6.62143,62.703,0.089254,11428000.0,15922000.0,500.0,46.827629,0,11月30日国内成品油价格不作调整,1,ok
W0049,2017-12-14,2017-12-14,2017-12,0.0,0.0,0,0,8445,7430,0.411495,0.588505,63.772,0.885996,0.0,0.0886,0.25,0.678287,0.680107,0.0,0.018,0.003,6.589881,64.499355,0.023747,11140000.0,15932000.0,500.0,42.796978,0,12月14日国内成品油价格不作调整,1,ok
W0050,2017-12-28,2017-12-29,2017-12,76.211098,76.211098,70,70,8515,7500,0.411495,0.588505,64.4,0.829706,0.0,0.082971,0.25,0.678287,0.680107,0.0,0.018,0.003,6.589881,64.499355,0.023747,11140000.0,15932000.0,500.0,40.077979,0,国内成品油价格按机制上调,1,ok
W0051,2018-01-12,2018-01-13,2018-01,188.747464,188.747464,180,175,8695,7675,0.5,0.5,68.248,1.198161,0.0,0.119816,0.25,,0.690307,0.0,0.015,0.006,6.425497,69.000323,0.043098,,,520.0,56.432046,0,国内成品油价格按机制上调,1,warn_missing_joined_monthly_data
W0052,2018-01-26,2018-01-27,2018-01,84.858406,84.858406,65,60,8760,7735,0.5,0.5,69.67,0.684584,0.0,0.068458,0.25,,0.690307,0.0,0.015,0.006,6.425497,69.000323,0.043098,,,520.0,32.243142,0,国内成品油价格按机制上调,1,warn_missing_joined_monthly_data
W0053,2018-02-09,2018-02-10,2018-02,-70.667395,-70.667395,-170,-160,8590,7575,0.5,0.5,67.454,1.874173,0.0,0.187417,0.25,,0.678287,0.0,0.029,0.012,6.319114,65.3575,-0.068477,,,520.0,86.810022,0,国内成品油价格按机制下调,1,warn_missing_joined_monthly_data
W0054,2018-02-28,2018-03-01,2018-02,-115.466003,-115.466003,-190,-185,8400,7390,0.5,0.5,65.26,1.894329,0.0,0.189433,0.25,,0.678287,0.0,0.029,0.012,6.319114,65.3575,-0.068477,,,520.0,87.743652,0,国内成品油价格按机制下调,1,warn_missing_joined_monthly_data
W0055,2018-03-14,2018-03-14,2018-03,0.0,0.0,0,0,8400,7390,0.432318,0.567682,64.89,0.650358,0.0,0.065036,0.25,0.710554,0.710554,0.05277,0.021,-0.011,6.318687,66.151935,0.012087,11884000.0,15605000.0,520.0,30.121976,0,3月14日国内成品油价格不作调整,1,ok
W0056,2018-03-28,2018-03-29,2018-03,81.937691,81.937691,170,165,8570,7555,0.432318,0.567682,66.638,2.03183,0.0,0.203183,0.25,0.710554,0.710554,0.05277,0.021,-0.011,6.318687,66.151935,0.012087,11884000.0,15605000.0,520.0,94.106208,0,国内成品油价格按机制上调,1,ok
W0057,2018-04-12,2018-04-13,2018-04,75.400498,75.400498,55,50,8625,7605,0.43644,0.56356,68.549,1.90811,0.0,0.190811,0.25,0.717846,0.7142,0.071,0.018,-0.002,6.29701,71.981333,0.084388,11481000.0,14825000.0,520.0,88.072779,0,国内成品油价格按机制上调,1,ok
W0058,2018-04-26,2018-04-27,2018-04,217.040066,217.040066,255,245,8880,7850,0.43644,0.56356,73.577,1.15594,0.0,0.115594,0.25,0.717846,0.7142,0.071,0.018,-0.002,6.29701,71.981333,0.084388,11481000.0,14825000.0,520.0,53.354832,0,国内成品油价格按机制上调,1,ok
W0059,2018-04-29,2018-05-01,2018-04,0.0,0.0,-75,-65,8805,7785,0.43644,0.56356,74.187,0.0,0.0,0.0,0.25,0.717846,0.7142,0.071,0.018,-0.002,6.29701,71.981333,0.084388,11481000.0,14825000.0,520.0,0.0,1,special control window; see NDRC notice/title and task-specific 2026 case,1,ok
W0060,2018-05-11,2018-05-12,2018-05,78.649851,78.649851,170,165,8975,7950,0.430655,0.569345,75.218,1.471424,0.0,0.147142,0.5,0.709703,0.712701,0.063506,0.018,-0.002,6.369365,76.839677,0.07976,11455000.0,15144000.0,520.0,68.697027,0,国内成品油价格按机制上调,1,ok
W0061,2018-05-25,2018-05-26,2018-05,154.952861,154.952861,260,250,9235,8200,0.430655,0.569345,78.749,0.963563,0.0,0.096356,0.5,0.709703,0.712701,0.063506,0.018,-0.002,6.369365,76.839677,0.07976,11455000.0,15144000.0,520.0,44.986277,0,国内成品油价格按机制上调,1,ok
W0062,2018-06-08,2018-06-09,2018-06,-184.615621,-184.615621,-130,-125,9105,8075,0.435203,0.564797,75.167,1.240443,0.0,0.124044,0.5,0.684317,0.703956,0.019778,0.019,-0.001,6.463603,74.354,-0.018032,11428000.0,14831000.0,520.0,58.769955,0,国内成品油价格按机制下调,1,ok
W0063,2018-06-25,2018-06-26,2018-06,0.0,0.0,-55,-55,9050,8020,0.435203,0.564797,74.188,1.125402,0.0,0.11254,0.5,0.684317,0.703956,0.019778,0.019,-0.001,6.463603,74.354,-0.018032,11428000.0,14831000.0,520.0,53.31953,0,国内成品油价格按机制下调,1,ok
W0064,2018-07-09,2018-07-10,2018-07,108.378795,108.378795,270,260,9320,8280,0.451247,0.548753,75.783,1.150046,0.0,0.115005,0.5,0.694361,0.696127,0.0,0.021,0.003,6.713216,74.286129,0.03767,11889000.0,14458000.0,520.0,56.591337,0,国内成品油价格按机制上调,1,ok
W0065,2018-07-23,2018-07-24,2018-07,-112.917807,-112.917807,-125,-120,9195,8160,0.451247,0.548753,73.28,1.926825,0.0,0.192682,0.5,0.694361,0.696127,0.0,0.021,0.003,6.713216,74.286129,0.03767,11889000.0,14458000.0,520.0,94.814949,0,国内成品油价格按机制下调,1,ok
W0066,2018-08-06,2018-08-07,2018-08,0.0,0.0,70,70,9265,8230,0.440749,0.559251,73.686,1.028549,0.0,0.102855,0.5,0.705813,0.694831,0.0,0.023,0.007,6.8435,72.393871,-0.00656,11463000.0,14545000.0,520.0,51.594935,0,国内成品油价格按机制上调,1,ok
W0067,2018-08-20,2018-08-21,2018-08,-134.391674,-134.391674,-50,-50,9215,8180,0.440749,0.559251,70.62,0.88958,0.0,0.088958,0.5,0.705813,0.694831,0.0,0.023,0.007,6.8435,72.393871,-0.00656,11463000.0,14545000.0,520.0,44.623886,0,国内成品油价格按机制下调,1,ok
W0068,2018-09-03,2018-09-04,2018-09,155.410963,155.410963,180,170,9395,8350,0.446412,0.553588,74.424,1.748579,0.0,0.174858,0.5,0.710304,0.703493,0.017465,0.025,0.007,6.853427,78.726,0.089045,11721000.0,14535000.0,520.0,87.840947,0,国内成品油价格按机制上调,1,ok
W0069,2018-09-17,2018-09-18,2018-09,97.346471,97.346471,145,145,9540,8495,0.446412,0.553588,77.376,1.271898,0.0,0.12719,0.5,0.710304,0.703493,0.017465,0.025,0.007,6.853427,78.726,0.089045,11721000.0,14535000.0,520.0,63.894591,0,国内成品油价格按机制上调,1,ok
W0070,2018-09-30,2018-10-01,2018-09,144.416503,144.416503,240,230,9780,8725,0.446412,0.553588,80.406,1.589779,0.00812,0.158978,0.5,0.710304,0.703493,0.017465,0.025,0.007,6.853427,78.726,0.089045,11721000.0,14535000.0,520.0,79.863535,0,国内成品油价格按机制上调,1,ok
W0071,2018-10-19,2018-10-20,2018-10,69.702848,69.702848,165,160,9945,8885,0.45374,0.54626,82.203,2.282735,0.04406,0.228273,0.5,0.717186,0.711101,0.055506,0.025,0.002,6.916255,80.99871,0.038301,12398000.0,14926000.0,520.0,115.725848,0,国内成品油价格按机制上调,1,ok
W0072,2018-11-02,2018-11-03,2018-11,-244.417086,-244.417086,-375,-365,9570,8520,0.450062,0.549938,77.087,2.836643,0.0,0.283664,0.5,0.734025,0.720505,0.102526,0.022,-0.003,6.935727,65.022,-0.194986,12009000.0,14674000.0,520.0,144.211737,0,国内成品油价格按机制下调,1,ok
W0073,2018-11-16,2018-11-17,2018-11,-372.380386,-372.380386,-510,-490,9060,8030,0.450062,0.549938,68.858,2.40946,0.0,0.240946,0.5,0.734025,0.720505,0.102526,0.022,-0.003,6.935727,65.022,-0.194986,12009000.0,14674000.0,520.0,122.494223,0,国内成品油价格按机制下调,1,ok
W0074,2018-11-30,2018-12-01,2018-11,-318.858743,-318.858743,-540,-520,8520,7510,0.450062,0.549938,60.692,2.749932,0.0,0.274993,0.5,0.734025,0.720505,0.102526,0.022,-0.003,6.935727,65.022,-0.194986,12009000.0,14674000.0,520.0,139.803458,0,国内成品油价格按机制下调,1,ok
W0075,2018-12-14,2018-12-15,2018-12,-89.35416,-89.35416,-125,-120,8395,7390,0.446804,0.553196,59.903,1.476114,0.0,0.147611,0.5,0.728295,0.726502,0.13251,0.019,0.0,6.889661,56.209032,-0.14128,11889000.0,14720000.0,520.0,74.545549,0,国内成品油价格按机制下调,1,ok
W0076,2018-12-28,2018-12-29,2018-12,-171.149316,-171.149316,-370,-355,8025,7035,0.446804,0.553196,56.197,2.707509,0.0,0.270751,0.5,0.728295,0.726502,0.13251,0.019,0.0,6.889661,56.209032,-0.14128,11889000.0,14720000.0,520.0,136.732478,0,国内成品油价格按机制下调,1,ok
W0077,2019-01-14,2019-01-15,2019-01,0.0,0.0,105,105,8130,7140,0.5,0.5,55.817,3.443563,0.0,0.344356,0.0,,0.73116,0.1558,0.017,0.005,6.788158,59.174194,0.037243,,,530.0,171.342052,0,国内成品油价格按机制上调,1,warn_missing_joined_monthly_data
W0078,2019-01-28,2019-01-29,2019-01,192.703059,192.703059,245,230,8375,7370,0.5,0.5,60.586,1.04544,0.0,0.104544,0.0,,0.73116,0.1558,0.017,0.005,6.788158,59.174194,0.037243,,,530.0,52.01818,0,国内成品油价格按机制上调,1,warn_missing_joined_monthly_data
W0079,2019-02-14,2019-02-15,2019-02,78.339989,78.339989,50,50,8425,7420,0.5,0.5,62.0,0.771991,0.0,0.077199,0.0,,0.728295,0.141475,0.015,0.01,6.739754,63.956786,0.073115,,,530.0,38.138208,0,国内成品油价格按机制上调,1,warn_missing_joined_monthly_data
W0080,2019-02-28,2019-03-01,2019-02,145.585619,145.585619,270,260,8695,7680,0.5,0.5,65.664,0.914929,0.0,0.091493,0.0,,0.728295,0.141475,0.015,0.01,6.739754,63.956786,0.073115,,,530.0,45.199664,0,国内成品油价格按机制上调,1,warn_missing_joined_monthly_data
W0081,2019-03-14,2019-03-14,2019-03,0.0,0.0,0,0,8695,7680,0.468647,0.531353,64.869,0.828759,0.0,0.082876,0.0,0.703983,0.703983,0.019917,0.023,-0.004,6.712297,66.074516,0.028903,12070000.0,13685000.0,530.0,40.775864,0,3月14日国内成品油价格不作调整,1,ok
W0082,2019-03-28,2019-03-29,2019-03,111.265795,111.265795,80,80,8775,7760,0.468647,0.531353,67.124,0.783914,0.0,0.078391,0.0,0.703983,0.703983,0.019917,0.023,-0.004,6.712297,66.074516,0.028903,12070000.0,13685000.0,530.0,38.569435,0,国内成品油价格按机制上调,1,ok
W0083,2019-03-29,2019-04-01,2019-03,0.0,0.0,-225,-200,8550,7560,0.468647,0.531353,67.114,,0.0,,0.0,0.703983,0.703983,0.019917,0.023,-0.004,6.712297,66.074516,0.028903,12070000.0,13685000.0,530.0,,1,special control window; see NDRC notice/title and task-specific 2026 case,1,ok
W0084,2019-04-12,2019-04-13,2019-04,154.107923,154.107923,155,150,8705,7710,0.467223,0.532777,70.07,1.17424,0.0,0.117424,0.0,0.735687,0.719835,0.099177,0.025,0.001,6.71535,71.103,0.076593,11582000.0,13207000.0,530.0,57.800204,0,国内成品油价格按机制上调,1,ok
W0085,2019-04-26,2019-04-27,2019-04,90.746932,90.746932,195,185,8900,7895,0.467223,0.532777,71.999,1.428133,0.0,0.142813,0.0,0.735687,0.719835,0.099177,0.025,0.001,6.71535,71.103,0.076593,11582000.0,13207000.0,530.0,70.297717,0,国内成品油价格按机制上调,1,ok
W0086,2019-05-13,2019-05-14,2019-05,0.0,0.0,-75,-75,8825,7820,0.469855,0.530145,71.419,0.539598,0.0,0.05396,0.75,0.71254,0.717404,0.087018,0.027,0.0,6.8512,71.224839,0.021978,11682000.0,13181000.0,530.0,27.098236,0,国内成品油价格按机制下调,1,ok
W0087,2019-05-27,2019-05-28,2019-05,0.0,0.0,50,50,8875,7870,0.469855,0.530145,72.105,2.621656,0.0,0.262166,0.75,0.71254,0.717404,0.087018,0.027,0.0,6.8512,71.224839,0.021978,11682000.0,13181000.0,530.0,131.657733,0,国内成品油价格按机制上调,1,ok
W0088,2019-06-11,2019-06-12,2019-06,-347.285581,-347.285581,-465,-445,8410,7425,0.462114,0.537886,65.72,2.692889,0.0,0.269289,0.75,0.710848,0.719692,0.098458,0.027,-0.001,6.89623,64.648333,-0.086369,11173000.0,13005000.0,530.0,136.123835,0,国内成品油价格按机制下调,1,ok
W0089,2019-06-25,2019-06-26,2019-06,-73.067661,-73.067661,-120,-115,8290,7310,0.462114,0.537886,63.698,1.515221,0.0,0.151522,0.75,0.710848,0.719692,0.098458,0.027,-0.001,6.89623,64.648333,-0.086369,11173000.0,13005000.0,530.0,76.593481,0,国内成品油价格按机制下调,1,ok
W0090,2019-07-09,2019-07-10,2019-07,115.374713,115.374713,150,140,8440,7450,0.456796,0.543204,65.148,1.615472,0.0,0.161547,0.75,0.715893,0.713094,0.065468,0.028,0.004,6.878987,63.835484,-0.015042,11403000.0,13560000.0,530.0,81.456892,0,国内成品油价格按机制上调,1,ok
W0091,2019-07-23,2019-07-23,2019-07,0.0,0.0,0,0,8440,7450,0.456796,0.543204,64.51,2.615519,0.0,0.261552,0.75,0.715893,0.713094,0.065468,0.028,0.004,6.878987,63.835484,-0.015042,11403000.0,13560000.0,530.0,131.882242,0,7月23日国内成品油价格不作调整,1,ok
W0092,2019-08-06,2019-08-07,2019-08,-122.318764,-122.318764,-80,-70,8360,7380,0.459743,0.540257,62.429,1.523289,0.0,0.152329,0.75,0.722683,0.716475,0.082373,0.028,0.007,7.058239,59.103871,-0.049996,11500000.0,13514000.0,530.0,78.810249,0,国内成品油价格按机制下调,1,ok
W0093,2019-08-20,2019-08-21,2019-08,-176.264794,-176.264794,-210,-205,8150,7175,0.459743,0.540257,57.837,1.335423,0.0,0.133542,0.75,0.722683,0.716475,0.082373,0.028,0.007,7.058239,59.103871,-0.049996,11500000.0,13514000.0,530.0,69.090613,0,国内成品油价格按机制下调,1,ok
W0094,2019-09-03,2019-09-04,2019-09,76.903647,76.903647,115,105,8265,7280,0.453045,0.546955,59.576,1.128542,0.0,0.112854,0.0,0.724997,0.721191,0.105955,0.03,0.009,7.11285,62.696,0.068984,11969000.0,14450000.0,530.0,58.838988,0,国内成品油价格按机制上调,1,ok
W0095,2019-09-18,2019-09-19,2019-09,146.61635,146.61635,125,125,8390,7405,0.453045,0.546955,63.236,2.15018,0.0,0.215018,0.75,0.724997,0.721191,0.105955,0.03,0.009,7.11285,62.696,0.068984,11969000.0,14450000.0,530.0,112.10433,0,国内成品油价格按机制上调,1,ok
W0096,2019-10-08,2019-10-08,2019-10,-124.0936,-124.0936,0,0,8390,7405,0.459154,0.540846,60.667,2.544952,0.0,0.254495,0.75,0.738523,0.728734,0.143672,0.038,0.009,7.095458,59.899355,-0.046943,12517000.0,14744000.0,530.0,132.362231,0,10月8日国内成品油价格不作调整,1,ok
W0097,2019-10-21,2019-10-22,2019-10,-56.752531,-56.752531,-150,-145,8240,7260,0.459154,0.540846,59.358,0.61145,0.0,0.061145,0.75,0.738523,0.728734,0.143672,0.038,0.009,7.095458,59.899355,-0.046943,12517000.0,14744000.0,530.0,31.801332,0,国内成品油价格按机制下调,1,ok
W0098,2019-11-04,2019-11-05,2019-11,65.384277,65.384277,105,105,8345,7365,0.451506,0.548494,60.487,0.945628,0.0,0.094563,0.0,0.744418,0.735979,0.179896,0.045,0.004,7.019647,63.086333,0.041953,11857000.0,14404000.0,530.0,48.656351,0,国内成品油价格按机制上调,1,ok
W0099,2019-11-18,2019-11-19,2019-11,82.100247,82.100247,70,65,8415,7430,0.451506,0.548494,62.477,0.478173,0.0,0.047817,0.0,0.744418,0.735979,0.179896,0.045,0.004,7.019647,63.086333,0.041953,11857000.0,14404000.0,530.0,24.603922,0,国内成品油价格按机制上调,1,ok
W0100,2019-12-02,2019-12-03,2019-12,74.832641,74.832641,55,50,8470,7480,0.4541,0.5459,64.251,0.735727,0.0,0.073573,0.0,0.738971,0.740637,0.203187,0.045,0.0,7.012335,67.365806,0.066723,12223000.0,14694000.0,530.0,37.816682,0,国内成品油价格按机制上调,1,ok
W0101,2019-12-16,2019-12-16,2019-12,66.095291,66.095291,0,0,8470,7480,0.4541,0.5459,65.606,1.220028,0.0,0.122003,0.0,0.738971,0.740637,0.203187,0.045,0.0,7.012335,67.365806,0.066723,12223000.0,14694000.0,530.0,62.709973,0,12月16日国内成品油价格不作调整,1,ok
W0102,2019-12-30,2019-12-31,2019-12,139.907057,139.907057,235,230,8705,7710,0.4541,0.5459,68.687,0.506241,0.0,0.050624,0.0,0.738971,0.740637,0.203187,0.045,0.0,7.012335,67.365806,0.066723,12223000.0,14694000.0,530.0,26.021007,0,国内成品油价格按机制上调,1,ok
W0103,2020-01-14,2020-01-14,2020-01,0.0,0.0,0,0,8705,7710,0.5,0.5,67.599,1.632138,0.0,0.163214,0.5,,0.741695,0.208473,0.054,0.014,6.916823,64.079032,-0.061746,,,540.0,82.749878,0,1月14日国内成品油价格不作调整,1,warn_missing_joined_monthly_data
W0104,2020-02-04,2020-02-05,2020-02,-410.637029,-410.637029,-420,-405,8285,7305,0.5,0.5,59.323,3.222331,0.0,0.322233,0.0,,0.738971,0.194857,0.052,0.008,6.992052,55.896207,-0.118212,,,540.0,165.150055,0,国内成品油价格按机制下调,1,warn_missing_joined_monthly_data
W0105,2020-02-18,2020-02-19,2020-02,-189.98401,-189.98401,-415,-400,7870,6905,0.5,0.5,55.344,1.432369,0.0,0.143237,0.0,,0.738971,0.194857,0.052,0.008,6.992052,55.896207,-0.118212,,,540.0,73.411387,0,国内成品油价格按机制下调,1,warn_missing_joined_monthly_data
W0106,2020-03-03,2020-03-03,2020-03,0.0,0.0,0,0,7870,6905,0.43237,0.56763,55.822,3.239844,0.0,0.323984,0.0,0.712762,0.712762,0.06381,0.043,-0.012,7.022397,32.488387,-0.41625,9430000.0,12380000.0,540.0,166.768301,0,3月3日国内成品油价格不作调整,1,ok
W0107,2020-03-17,2020-03-18,2020-03,0.0,0.0,-1015,-975,6855,5930,0.43237,0.56763,39.759,8.088417,0.0,0.808842,0.0,0.712762,0.712762,0.06381,0.043,-0.012,7.022397,32.488387,-0.41625,9430000.0,12380000.0,540.0,416.344546,0,国内成品油价格按机制下调,1,ok
W0108,2020-03-31,2020-03-31,2020-03,0.0,0.0,0,0,6855,5930,0.43237,0.56763,23.929,2.835315,0.0,0.283531,0.0,0.712762,0.712762,0.06381,0.043,-0.012,7.022397,32.488387,-0.41625,9430000.0,12380000.0,540.0,145.945459,1,special control window; see NDRC notice/title and task-specific 2026 case,1,ok
W0109,2020-04-15,2020-04-15,2020-04,0.0,0.0,0,0,6855,5930,0.428584,0.571416,20.545,2.509145,0.0,0.250915,0.0,0.718057,0.71541,0.077048,0.033,-0.009,7.070427,18.946333,-0.412839,10040000.0,13386000.0,540.0,130.039541,1,special control window; see NDRC notice/title and task-specific 2026 case,1,ok
W0110,2020-04-28,2020-04-28,2020-04,0.0,0.0,0,0,6855,5930,0.428584,0.571416,16.633,2.833184,0.0,0.283318,0.0,0.718057,0.71541,0.077048,0.033,-0.009,7.070427,18.946333,-0.412839,10040000.0,13386000.0,540.0,146.833226,1,special control window; see NDRC notice/title and task-specific 2026 case,1,ok
W0111,2020-05-14,2020-05-14,2020-05,398.457891,398.457891,0,0,6855,5930,0.435511,0.564489,22.884,3.730156,0.0,0.373016,0.0,0.744575,0.725132,0.125658,0.024,-0.008,7.10179,29.015161,0.538233,10194000.0,13213000.0,540.0,194.17744,1,special control window; see NDRC notice/title and task-specific 2026 case,1,ok
W0112,2020-05-28,2020-05-28,2020-05,457.104867,457.104867,0,0,6855,5930,0.435511,0.564489,32.509,1.28108,0.0,0.128108,0.0,0.744575,0.725132,0.125658,0.024,-0.008,7.10179,29.015161,0.538233,10194000.0,13213000.0,540.0,66.688055,1,special control window; see NDRC notice/title and task-specific 2026 case,1,ok
W0113,2020-06-11,2020-06-11,2020-06,271.563808,271.563808,0,0,6855,5930,0.423789,0.576211,38.127,2.555505,0.0,0.255551,0.0,0.242868,0.5685,0.0,0.025,-0.001,7.08053,40.385,0.387692,10696000.0,14543000.0,540.0,132.631446,1,special control window; see NDRC notice/title and task-specific 2026 case,1,ok
W0114,2020-06-28,2020-06-29,2020-06,130.410974,130.410974,120,110,6975,6040,0.423789,0.576211,41.321,1.431772,0.0,0.143177,0.0,0.242868,0.5685,0.0,0.025,-0.001,7.08053,40.385,0.387692,10696000.0,14543000.0,540.0,74.309372,0,国内成品油价格按机制上调,1,ok
W0115,2020-07-10,2020-07-11,2020-07,0.0,0.0,100,100,7075,6140,0.438197,0.561803,42.451,0.629424,0.0,0.062942,0.0,0.757014,0.581486,0.0,0.027,0.006,7.009758,43.244839,0.060111,11784000.0,15108000.0,540.0,32.340755,0,国内成品油价格按机制上调,1,ok
W0116,2020-07-24,2020-07-24,2020-07,105.949897,105.949897,0,0,7075,6140,0.438197,0.561803,43.484,0.406111,0.0,0.040611,0.0,0.757014,0.581486,0.0,0.027,0.006,7.009758,43.244839,0.060111,11784000.0,15108000.0,540.0,20.866628,0,7月24日国内成品油价格不作调整,1,ok
W0117,2020-08-07,2020-08-07,2020-08,0.0,0.0,0,0,7075,6140,0.455464,0.544536,43.712,0.640198,0.0,0.06402,0.0,0.74036,0.580081,0.0,0.024,0.004,6.929529,44.592903,0.019371,11904000.0,14232000.0,540.0,32.517847,0,8月7日国内成品油价格不作调整,1,ok
W0118,2020-08-21,2020-08-22,2020-08,63.503837,63.503837,85,80,7160,6220,0.455464,0.544536,44.678,0.50315,0.0,0.050315,0.0,0.74036,0.580081,0.0,0.024,0.004,6.929529,44.592903,0.019371,11904000.0,14232000.0,540.0,25.556712,0,国内成品油价格按机制上调,1,ok
W0119,2020-09-04,2020-09-04,2020-09,0.0,0.0,0,0,7160,6220,0.474821,0.525179,44.593,1.366971,0.0,0.136697,0.0,0.058493,0.518622,0.0,0.017,0.002,6.813007,40.865,-0.099008,11956000.0,13224000.0,540.0,68.265609,0,9月4日国内成品油价格不作调整,1,ok
W0120,2020-09-18,2020-09-19,2020-09,0.0,0.0,-315,-300,6845,5920,0.474821,0.525179,40.004,1.303368,0.0,0.130337,0.0,0.058493,0.518622,0.0,0.017,0.002,6.813007,40.865,-0.099008,11956000.0,13224000.0,540.0,65.089321,0,国内成品油价格按机制下调,1,ok
W0121,2020-10-09,2020-10-09,2020-10,0.0,0.0,0,0,6845,5920,0.47232,0.52768,40.455,1.23785,0.0,0.123785,0.0,0.721698,0.50685,0.0,0.005,-0.003,6.720965,40.124516,-0.031385,11902000.0,13297000.0,540.0,60.98227,0,10月9日国内成品油价格不作调整,1,ok
W0122,2020-10-22,2020-10-23,2020-10,70.51822,70.51822,80,70,6925,5990,0.47232,0.52768,41.323,0.463009,0.0,0.046301,0.0,0.721698,0.50685,0.0,0.005,-0.003,6.720965,40.124516,-0.031385,11902000.0,13297000.0,540.0,22.809995,0,国内成品油价格按机制上调,1,ok
W0123,2020-11-05,2020-11-06,2020-11,0.0,0.0,-160,-150,6765,5840,0.474785,0.525215,38.715,1.641041,0.0,0.164104,0.0,0.149214,0.309802,0.0,-0.005,-0.006,6.600107,42.446333,0.038843,11740000.0,12987000.0,540.0,79.391546,0,国内成品油价格按机制下调,1,ok
W0124,2020-11-19,2020-11-20,2020-11,128.044111,128.044111,150,145,6915,5985,0.474785,0.525215,41.506,1.768174,0.0,0.176817,0.0,0.149214,0.309802,0.0,-0.005,-0.006,6.600107,42.446333,0.038843,11740000.0,12987000.0,540.0,85.542097,0,2020年11月19日24时起国内成品油价格按机制上调,1,ok
W0125,2020-12-03,2020-12-04,2020-12,173.782783,173.782783,250,240,7165,6225,0.473727,0.526273,46.068,1.464102,0.0,0.14641,0.0,0.702802,0.524572,0.0,0.002,0.007,6.539142,50.163226,0.170887,11711000.0,13010000.0,540.0,70.177226,0,2020年12月3日24时起国内成品油价格按机制上调,1,ok
W0126,2020-12-17,2020-12-18,2020-12,188.370484,188.370484,155,150,7320,6375,0.473727,0.526273,49.596,0.816522,0.0,0.081652,0.0,0.702802,0.524572,0.0,0.002,0.007,6.539142,50.163226,0.170887,11711000.0,13010000.0,540.0,39.137474,0,2020年12月17日24时起国内成品油价格按机制上调,1,ok
W0127,2020-12-31,2021-01-01,2020-12,66.095291,66.095291,90,85,7410,6460,0.473727,0.526273,50.868,0.652779,0.0,0.065278,0.0,0.702802,0.524572,0.0,0.002,0.007,6.539142,50.163226,0.170887,11711000.0,13010000.0,540.0,31.288963,0,2020年12月31日24时起国内成品油价格按机制上调,1,ok
W0128,2021-01-15,2021-01-16,2021-01,149.718085,149.718085,185,180,7595,6640,0.5,0.5,53.986,1.905717,0.0,0.190572,0.0,,0.426008,0.0,-0.003,0.01,6.473235,54.53871,0.076267,,,560.0,90.424027,0,2021年1月15日24时起国内成品油价格按机制上调,1,warn_missing_joined_monthly_data
W0129,2021-01-29,2021-01-30,2021-01,70.728806,70.728806,75,70,7670,6710,0.5,0.5,55.159,0.371115,0.0,0.037112,0.0,,0.426008,0.0,-0.003,0.01,6.473235,54.53871,0.076267,,,560.0,17.608979,0,2021年1月29日24时起国内成品油价格按机制上调,1,warn_missing_joined_monthly_data
W0130,2021-02-18,2021-02-19,2021-02,276.159149,276.159149,275,265,7945,6975,0.5,0.5,61.666,2.794729,0.0,0.279473,0.0,1.0,0.851401,0.757006,-0.002,0.006,6.46075,62.386786,0.141693,0.0,0.0,560.0,132.350811,0,2021年2月18日24时起国内成品油价格按机制上调,1,ok
W0131,2021-03-03,2021-03-04,2021-03,169.063372,169.063372,260,250,8205,7225,0.484711,0.515289,64.897,1.400942,0.0,0.140094,0.0,0.743925,0.871963,0.859814,0.004,-0.005,6.511432,65.729355,0.061843,12380000.0,13161000.0,560.0,66.865288,0,2021年3月3日24时起国内成品油价格按机制上调,1,ok
W0132,2021-03-17,2021-03-18,2021-03,152.557367,152.557367,235,230,8440,7455,0.484711,0.515289,67.947,0.965437,0.0,0.096544,0.0,0.743925,0.871963,0.859814,0.004,-0.005,6.511432,65.729355,0.061843,12380000.0,13161000.0,560.0,46.079167,0,2021年3月17日24时起国内成品油价格按机制上调,1,ok
W0133,2021-03-31,2021-04-01,2021-03,-206.580682,-206.580682,-225,-220,8215,7235,0.484711,0.515289,63.371,1.198537,0.0,0.119854,0.0,0.743925,0.871963,0.859814,0.004,-0.005,6.511432,65.729355,0.061843,12380000.0,13161000.0,560.0,57.204749,0,2021年3月31日24时起国内成品油价格按机制下调,1,ok
W0134,2021-04-15,2021-04-15,2021-04,0.0,0.0,0,0,8215,7235,0.48516,0.51484,62.928,1.440851,0.0,0.144085,0.0,0.710976,0.818301,0.591503,0.009,-0.003,6.522443,64.625667,-0.015129,11802000.0,12524000.0,560.0,68.886364,0,2021年4月15日国内成品油价格不作调整,1,ok
W0135,2021-04-28,2021-04-29,2021-04,106.093054,106.093054,100,95,8315,7330,0.48516,0.51484,65.669,0.706191,0.0,0.070619,0.0,0.710976,0.818301,0.591503,0.009,-0.003,6.522443,64.625667,-0.015129,11802000.0,12524000.0,560.0,33.762632,0,2021年4月28日24时起国内成品油价格按机制上调,1,ok
W0136,2021-05-14,2021-05-15,2021-05,135.135156,135.135156,100,100,8415,7430,0.499843,0.500157,68.638,0.682484,0.0,0.068248,0.0,0.706302,0.720401,0.102007,0.013,-0.002,6.42891,68.477419,0.044406,12716000.0,12724000.0,560.0,32.161298,0,2021年5月14日24时起国内成品油价格按机制上调,1,ok
W0137,2021-05-28,2021-05-28,2021-05,0.0,0.0,0,0,8415,7430,0.499843,0.500157,68.24,1.36706,0.0,0.136706,0.0,0.706302,0.720401,0.102007,0.013,-0.002,6.42891,68.477419,0.044406,12716000.0,12724000.0,560.0,64.42121,0,2021年5月28日国内成品油价格不作调整,1,ok
W0138,2021-06-11,2021-06-12,2021-06,126.010969,126.010969,175,170,8590,7600,0.498752,0.501248,70.667,0.86554,0.0,0.086554,0.0,0.706487,0.707922,0.03961,0.011,-0.004,6.424903,73.180333,0.068012,13185000.0,13251000.0,560.0,40.762215,0,2021年6月11日24时起国内成品油价格按机制上调,1,ok
W0139,2021-06-28,2021-06-29,2021-06,175.352738,175.352738,225,215,8815,7815,0.498752,0.501248,74.258,1.518531,0.0,0.151853,0.0,0.706487,0.707922,0.03961,0.011,-0.004,6.424903,73.180333,0.068012,13185000.0,13251000.0,560.0,71.514499,0,2021年6月28日24时起国内成品油价格按机制上调,1,ok
W0140,2021-07-12,2021-07-13,2021-07,78.554724,78.554724,70,65,8885,7880,0.509775,0.490225,76.197,1.075173,0.0,0.107517,0.0,0.709314,0.707368,0.036839,0.01,0.003,6.475961,75.461613,0.039368,13742000.0,13215000.0,560.0,51.03719,0,2021年7月12日24时起国内成品油价格按机制上调,1,ok
W0141,2021-07-26,2021-07-27,2021-07,-98.979084,-98.979084,-100,-95,8785,7785,0.509775,0.490225,74.001,2.048833,0.0,0.204883,0.0,0.709314,0.707368,0.036839,0.01,0.003,6.475961,75.461613,0.039368,13742000.0,13215000.0,560.0,97.255638,0,2021年7月26日24时起国内成品油价格按机制下调,1,ok
W0142,2021-08-09,2021-08-09,2021-08,0.0,0.0,0,0,8785,7785,0.50566,0.49434,74.007,2.758088,0.0,0.275809,0.0,0.723383,0.713061,0.065307,0.008,0.001,6.477855,70.808065,-0.061393,13446000.0,13145000.0,560.0,130.961417,0,2021年8月9日国内成品油价格不作调整,1,ok
W0143,2021-08-23,2021-08-24,2021-08,-211.796682,-211.796682,-250,-245,8535,7540,0.50566,0.49434,69.586,2.309313,0.0,0.230931,0.0,0.723383,0.713061,0.065307,0.008,0.001,6.477855,70.808065,-0.061393,13446000.0,13145000.0,560.0,109.652382,0,2021年8月23日24时起国内成品油价格按机制下调,1,ok
W0144,2021-09-06,2021-09-07,2021-09,71.89315,71.89315,140,140,8675,7680,0.500812,0.499188,71.266,0.821803,0.0,0.08218,0.0,0.711882,0.71486,0.074298,0.007,0.0,6.45639,74.463,0.048133,12957000.0,12915000.0,560.0,38.892092,0,2021年9月6日24时起国内成品油价格按机制上调,1,ok
W0145,2021-09-18,2021-09-19,2021-09,102.943911,102.943911,90,85,8765,7765,0.500812,0.499188,73.071,1.272825,0.0,0.127282,0.0,0.711882,0.71486,0.074298,0.007,0.0,6.45639,74.463,0.048133,12957000.0,12915000.0,560.0,60.236871,0,2021年9月18日24时起国内成品油价格按机制上调,1,ok
W0146,2021-10-09,2021-10-10,2021-10,333.331296,333.331296,345,330,9110,8095,0.47494,0.52506,80.228,2.753404,0.00456,0.27534,0.0,0.691187,0.708817,0.044086,0.015,0.007,6.41959,83.349677,0.112964,13134000.0,14520000.0,560.0,129.563065,0,2021年10月9日24时起国内成品油价格按机制上调,1,ok
W0147,2021-10-22,2021-10-23,2021-10,186.846176,186.846176,300,290,9410,8385,0.47494,0.52506,84.1,0.90564,0.082,0.090564,0.0,0.691187,0.708817,0.044086,0.015,0.007,6.41959,83.349677,0.112964,13134000.0,14520000.0,560.0,42.615452,0,2021年10月22日24时起国内成品油价格按机制上调,1,ok
W0148,2021-11-05,2021-11-05,2021-11,0.0,0.0,0,0,9410,8385,0.450874,0.549126,83.619,1.526459,0.07238,0.152646,0.0,0.719216,0.707428,0.037142,0.023,0.004,6.38885,80.632667,-0.03723,13510000.0,16454000.0,560.0,71.484503,0,2021年11月5日国内成品油价格不作调整,1,ok
W0149,2021-11-19,2021-11-20,2021-11,-54.718461,-54.718461,-95,-90,9315,8295,0.450874,0.549126,82.729,1.032353,0.05458,0.103235,0.0,0.719216,0.707428,0.037142,0.023,0.004,6.38885,80.632667,-0.03723,13510000.0,16454000.0,560.0,48.345378,0,2021年11月19日24时起国内成品油价格按机制下调,1,ok
W0150,2021-12-03,2021-12-04,2021-12,-282.110333,-282.110333,-430,-415,8885,7880,0.445274,0.554726,76.572,5.106199,0.0,0.51062,0.0,0.736967,0.71579,0.078949,0.015,-0.003,6.370148,74.06,-0.084202,13535000.0,16862000.0,560.0,238.424707,0,2021年12月3日24时起国内成品油价格按机制下调,1,ok
W0151,2021-12-17,2021-12-18,2021-12,-149.957304,-149.957304,-130,-125,8755,7755,0.445274,0.554726,74.049,1.530059,0.0,0.153006,0.0,0.736967,0.71579,0.078949,0.015,-0.003,6.370148,74.06,-0.084202,13535000.0,16862000.0,560.0,71.443325,0,2021年12月17日24时起国内成品油价格按机制下调,1,ok
W0152,2021-12-31,2022-01-01,2021-12,0.0,0.0,140,135,8895,7890,0.445274,0.554726,74.811,2.173886,0.0,0.217389,0.0,0.736967,0.71579,0.078949,0.015,-0.003,6.370148,74.06,-0.084202,13535000.0,16862000.0,560.0,101.505664,0,2021年12月31日24时起国内成品油价格按机制上调,1,ok
W0153,2022-01-17,2022-01-18,2022-01,408.692172,408.692172,345,330,9240,8220,0.5,0.5,82.785,3.492037,0.0557,0.349204,0.0,,0.728091,0.140457,0.009,0.004,6.356955,86.207419,0.16161,,,590.0,162.716606,0,2022年1月17日24时起国内成品油价格按机制上调,1,warn_missing_joined_monthly_data
W0154,2022-01-29,2022-01-30,2022-01,266.984854,266.984854,310,300,9550,8520,0.5,0.5,89.641,1.056735,0.19282,0.105674,0.0,,0.728091,0.140457,0.009,0.004,6.356955,86.207419,0.16161,,,590.0,49.240131,0,2022年1月29日24时起国内成品油价格按机制上调,1,warn_missing_joined_monthly_data
W0155,2022-02-17,2022-02-18,2022-02,226.156765,226.156765,210,200,9760,8720,0.5,0.5,96.955,2.791483,0.3391,0.279148,0.0,,0.736967,0.184833,0.009,0.006,6.341664,97.170714,0.124462,,,590.0,129.760414,0,2022年2月17日24时起国内成品油价格按机制上调,1,warn_missing_joined_monthly_data
W0156,2022-03-03,2022-03-04,2022-03,134.991597,134.991597,260,255,10020,8975,0.469002,0.530998,102.123,7.125257,0.44246,0.712526,0.75,0.70685,0.70685,0.03425,0.015,0.0,6.344952,117.889032,0.213845,13723000.0,15537000.0,590.0,331.384998,0,2022年3月3日24时起国内成品油价格按机制上调,1,ok
W0157,2022-03-17,2022-03-18,2022-03,214.120406,214.120406,750,720,10770,9695,0.469002,0.530998,117.079,7.980761,0.74158,0.798076,0.75,0.70685,0.70685,0.03425,0.015,0.0,6.344952,117.889032,0.213845,13723000.0,15537000.0,590.0,371.173184,0,2022年3月17日24时起国内成品油价格按机制上调,1,ok
W0158,2022-03-31,2022-04-01,2022-03,0.0,0.0,110,110,10880,9805,0.469002,0.530998,118.869,5.488919,0.77738,0.548892,0.75,0.70685,0.70685,0.03425,0.015,0.0,6.344952,117.889032,0.213845,13723000.0,15537000.0,590.0,255.281341,0,2022年3月31日24时起国内成品油价格按机制上调,1,ok
W0159,2022-04-15,2022-04-16,2022-04,-593.872823,-593.872823,-545,-530,10335,9275,0.436594,0.563406,104.444,3.928937,0.48888,0.392894,0.75,0.716856,0.711853,0.059265,0.021,0.004,6.42852,105.456333,-0.093679,11055000.0,14266000.0,590.0,185.135647,0,2022年4月15日24时起国内成品油价格按机制下调,1,ok
W0160,2022-04-28,2022-04-29,2022-04,0.0,0.0,205,200,10540,9475,0.436594,0.563406,105.209,3.24595,0.50418,0.324595,0.75,0.716856,0.711853,0.059265,0.021,0.004,6.42852,105.456333,-0.093679,11055000.0,14266000.0,590.0,152.952571,0,2022年4月28日24时起国内成品油价格按机制上调,1,ok
W0161,2022-05-16,2022-05-17,2022-05,104.913796,104.913796,285,270,10825,9745,0.44154,0.55846,108.696,3.313097,0.57392,0.33131,0.75,0.722905,0.715537,0.077685,0.021,-0.002,6.699048,113.497097,0.121539,11605000.0,14678000.0,590.0,162.686392,0,2022年5月16日24时起国内成品油价格按机制上调,1,ok
W0162,2022-05-30,2022-05-31,2022-05,99.675588,99.675588,400,390,11225,10135,0.44154,0.55846,115.295,3.89111,0.7059,0.389111,0.75,0.722905,0.715537,0.077685,0.021,-0.002,6.699048,113.497097,0.121539,11605000.0,14678000.0,590.0,191.069185,0,2022年5月30日24时起国内成品油价格按机制上调,1,ok
W0163,2022-06-14,2022-06-15,2022-06,55.011479,55.011479,390,375,11615,10510,0.447678,0.552322,126.185,1.992374,0.9237,0.199237,0.75,0.675658,0.70514,0.025698,0.025,0.0,6.69526,122.617667,0.079749,11662000.0,14388000.0,590.0,97.778273,0,2022年6月14日24时起国内成品油价格按机制上调,1,ok
W0164,2022-06-28,2022-06-29,2022-06,-249.790247,-249.790247,-320,-310,11295,10200,0.447678,0.552322,120.083,3.079727,0.80166,0.307973,0.75,0.675658,0.70514,0.025698,0.025,0.0,6.69526,122.617667,0.079749,11662000.0,14388000.0,590.0,151.141486,0,2022年6月28日24时起国内成品油价格按机制下调,1,ok
W0165,2022-07-12,2022-07-13,2022-07,-232.005371,-232.005371,-360,-345,10935,9855,0.46088,0.53912,116.503,4.515904,0.73006,0.45159,0.75,0.685508,0.69469,0.0,0.027,0.005,6.73199,112.188387,-0.080036,11852000.0,13864000.0,590.0,222.839507,0,2022年7月12日24时起国内成品油价格按机制下调,1,ok
W0166,2022-07-26,2022-07-27,2022-07,-274.465747,-274.465747,-300,-290,10635,9565,0.46088,0.53912,111.005,3.63164,0.6201,0.363164,0.75,0.685508,0.69469,0.0,0.027,0.005,6.73199,112.188387,-0.080036,11852000.0,13864000.0,590.0,179.205049,0,2022年7月26日24时起国内成品油价格按机制下调,1,ok
W0167,2022-08-09,2022-08-10,2022-08,-245.576658,-245.576658,-130,-125,10505,9440,0.461648,0.538352,105.433,4.641799,0.50866,0.46418,0.75,0.704299,0.688488,0.0,0.025,-0.001,6.799929,100.455806,-0.095543,12037000.0,14037000.0,590.0,231.363415,0,2022年8月9日24时起国内成品油价格按机制下调,1,ok
W0168,2022-08-23,2022-08-24,2022-08,-227.114173,-227.114173,-205,-200,10300,9240,0.461648,0.538352,99.845,4.002391,0.3969,0.400239,0.75,0.704299,0.688488,0.0,0.025,-0.001,6.799929,100.455806,-0.095543,12037000.0,14037000.0,590.0,199.493079,0,2022年8月23日24时起国内成品油价格按机制下调,1,ok
W0169,2022-09-06,2022-09-07,2022-09,-100.434514,-100.434514,190,185,10490,9425,0.411646,0.588354,96.98,3.70786,0.3396,0.370786,0.75,0.705359,0.698388,0.0,0.028,0.003,7.005543,89.715667,-0.079909,11997000.0,17147000.0,590.0,190.400951,0,2022年9月6日24时起国内成品油价格按机制上调,1,ok
W0170,2022-09-21,2022-09-22,2022-09,-309.997323,-309.997323,-290,-280,10200,9145,0.411646,0.588354,90.458,1.773198,0.20916,0.17732,0.75,0.705359,0.698388,0.0,0.028,0.003,7.005543,89.715667,-0.079909,11997000.0,17147000.0,590.0,91.054864,0,2022年9月21日24时起国内成品油价格按机制下调,1,ok
W0171,2022-10-10,2022-10-10,2022-10,0.0,0.0,0,0,10200,9145,0.396332,0.603668,90.968,5.199783,0.21936,0.519978,0.75,0.714688,0.708115,0.040576,0.021,0.001,7.184523,93.319032,0.066739,12362000.0,18829000.0,590.0,273.833859,0,2022年10月10日国内成品油价格不作调整,1,ok
W0172,2022-10-24,2022-10-25,2022-10,72.738391,72.738391,185,175,10385,9320,0.396332,0.603668,92.83,1.46401,0.2566,0.146401,0.75,0.714688,0.708115,0.040576,0.021,0.001,7.184523,93.319032,0.066739,12362000.0,18829000.0,590.0,77.098523,0,2022年10月24日24时起国内成品油价格按机制上调,1,ok
W0173,2022-11-07,2022-11-08,2022-11,55.767586,55.767586,155,150,10540,9470,0.381679,0.618321,94.438,2.62677,0.28876,0.262677,0.75,0.735796,0.718614,0.093072,0.016,-0.002,7.18332,91.586667,-0.018728,11737000.0,19014000.0,590.0,138.309251,0,2022年11月7日24时起国内成品油价格按机制上调,1,ok
W0174,2022-11-21,2022-11-22,2022-11,0.0,0.0,-175,-165,10365,9305,0.381679,0.618321,94.082,3.01008,0.28164,0.301008,0.75,0.735796,0.718614,0.093072,0.016,-0.002,7.18332,91.586667,-0.018728,11737000.0,19014000.0,590.0,158.491943,0,2022年11月21日24时起国内成品油价格按机制下调,1,ok
W0175,2022-12-05,2022-12-06,2022-12,-410.603625,-410.603625,-440,-425,9925,8880,0.373008,0.626992,85.713,1.671779,0.11426,0.167178,0.75,0.740233,0.730239,0.151196,0.018,0.0,6.972845,81.203871,-0.139345,11514000.0,19354000.0,590.0,85.446227,0,2022年12月5日24时起国内成品油价格按机制下调,1,ok
W0176,2022-12-19,2022-12-20,2022-12,-283.260361,-283.260361,-480,-460,9445,8420,0.373008,0.626992,79.679,2.349682,0.0,0.234968,0.75,0.740233,0.730239,0.151196,0.018,0.0,6.972845,81.203871,-0.139345,11514000.0,19354000.0,590.0,120.094503,0,2022年12月19日24时起国内成品油价格按机制下调,1,ok
W0177,2023-01-03,2023-01-04,2023-01,97.861563,97.861563,250,240,9695,8660,0.5,0.5,81.141,1.206246,0.02282,0.120625,0.5,,0.738015,0.190074,0.021,0.008,6.791106,82.660968,-0.008588,,,610.0,60.045489,0,2023年1月3日24时起国内成品油价格按机制上调,1,warn_missing_joined_monthly_data
W0178,2023-01-17,2023-01-18,2023-01,-70.237924,-70.237924,-205,-195,9490,8465,0.5,0.5,79.449,3.266399,0.0,0.32664,0.5,,0.738015,0.190074,0.021,0.008,6.791106,82.660968,-0.008588,,,610.0,162.597466,0,2023年1月17日24时起国内成品油价格按机制下调,1,warn_missing_joined_monthly_data
W0179,2023-02-03,2023-02-04,2023-02,205.214264,205.214264,210,200,9700,8665,0.5,0.5,84.698,2.31552,0.09396,0.231552,0.5,,0.740233,0.201166,0.01,-0.005,6.842782,82.46,0.00516,,,610.0,116.140929,0,2023年2月3日24时起国内成品油价格按机制上调,1,warn_missing_joined_monthly_data
W0180,2023-02-17,2023-02-17,2023-02,-62.058885,-62.058885,0,0,9700,8665,0.5,0.5,83.423,2.316585,0.06846,0.231658,0.5,,0.740233,0.201166,0.01,-0.005,6.842782,82.46,0.00516,,,610.0,116.194325,0,2023年2月17日国内成品油价格不作调整,1,warn_missing_joined_monthly_data
W0181,2023-03-03,2023-03-03,2023-03,0.0,0.0,0,0,9700,8665,0.418364,0.581636,82.312,1.374576,0.04624,0.137458,0.5,0.742059,0.742059,0.210297,0.007,-0.003,6.890806,78.367419,-0.042961,13332000.0,18535000.0,610.0,69.429309,0,2023年3月3日国内成品油价格不作调整,1,ok
W0182,2023-03-17,2023-03-18,2023-03,-140.127499,-140.127499,-100,-95,9600,8570,0.418364,0.581636,80.389,4.625601,0.00778,0.46256,0.5,0.742059,0.742059,0.210297,0.007,-0.003,6.890806,78.367419,-0.042961,13332000.0,18535000.0,610.0,233.637292,0,2023年3月17日24时起国内成品油价格按机制下调,1,ok
W0183,2023-03-31,2023-04-01,2023-03,-226.65607,-226.65607,-335,-320,9265,8250,0.418364,0.581636,75.308,2.589829,0.0,0.258983,0.5,0.742059,0.742059,0.210297,0.007,-0.003,6.890806,78.367419,-0.042961,13332000.0,18535000.0,610.0,130.811256,0,2023年3月31日24时起国内成品油价格按机制下调,1,ok
W0184,2023-04-17,2023-04-18,2023-04,431.914703,431.914703,550,525,9815,8775,0.417601,0.582399,85.105,2.500214,0.1021,0.250021,0.5,0.71054,0.7263,0.131499,0.001,-0.001,6.886017,84.403,0.076268,13154000.0,18345000.0,610.0,126.197048,0,2023年4月17日24时起国内成品油价格按机制上调,1,ok
W0185,2023-04-28,2023-04-29,2023-04,-74.818949,-74.818949,-160,-155,9655,8620,0.417601,0.582399,83.607,1.901073,0.07214,0.190107,0.5,0.71054,0.7263,0.131499,0.001,-0.001,6.886017,84.403,0.076268,13154000.0,18345000.0,610.0,95.955702,0,2023年4月28日24时起国内成品油价格按机制下调,1,ok
W0186,2023-05-16,2023-05-17,2023-05,-351.651247,-351.651247,-380,-365,9275,8255,0.420048,0.579952,75.957,2.511252,0.0,0.251125,0.5,0.739995,0.730865,0.154324,0.002,-0.002,6.987552,75.712903,-0.089733,13405000.0,18508000.0,610.0,128.623198,0,2023年5月16日24时起国内成品油价格按机制下调,1,ok
W0187,2023-05-30,2023-05-31,2023-05,0.0,0.0,100,95,9375,8350,0.420048,0.579952,76.117,0.996154,0.0,0.099615,0.5,0.739995,0.730865,0.154324,0.002,-0.002,6.987552,75.712903,-0.089733,13405000.0,18508000.0,610.0,51.02177,0,2023年5月30日24时起国内成品油价格按机制上调,1,ok
W0188,2023-06-13,2023-06-14,2023-06,-51.646909,-51.646909,-55,-50,9320,8300,0.425287,0.574713,74.764,1.513996,0.0,0.1514,0.5,0.74815,0.732895,0.164474,0.0,-0.002,7.151303,74.952667,0.013158,13263000.0,17923000.0,610.0,79.362234,0,2023年6月13日24时起国内成品油价格按机制下调,1,ok
W0189,2023-06-28,2023-06-29,2023-06,0.0,0.0,70,70,9390,8370,0.425287,0.574713,74.793,1.584852,0.0,0.158485,0.5,0.74815,0.732895,0.164474,0.0,-0.002,7.151303,74.952667,0.013158,13263000.0,17923000.0,610.0,83.076466,0,2023年6月28日24时起国内成品油价格按机制上调,1,ok
W0190,2023-07-12,2023-07-13,2023-07,50.428828,50.428828,155,150,9545,8520,0.4457,0.5543,76.236,2.116427,0.0,0.211643,0.5,0.716194,0.73478,0.173898,-0.003,0.002,7.189016,79.99129,0.072852,14352000.0,17849000.0,610.0,111.526161,0,2023年7月12日24时起国内成品油价格按机制上调,1,ok
W0191,2023-07-26,2023-07-27,2023-07,232.854146,232.854146,275,260,9820,8780,0.4457,0.5543,80.495,1.50009,0.0099,0.150009,0.5,0.716194,0.73478,0.173898,-0.003,0.002,7.189016,79.99129,0.072852,14352000.0,17849000.0,610.0,79.047964,0,2023年7月26日24时起国内成品油价格按机制上调,1,ok
W0192,2023-08-09,2023-08-10,2023-08,214.697194,214.697194,240,230,10060,9010,0.444505,0.555495,85.436,1.597227,0.10872,0.159723,0.5,0.751377,0.738574,0.192868,0.001,0.003,7.247468,86.257097,0.087099,14686000.0,18353000.0,610.0,84.851008,0,2023年8月9日24时起国内成品油价格按机制上调,1,ok
W0193,2023-08-23,2023-08-24,2023-08,0.0,0.0,55,55,10115,9065,0.444505,0.555495,86.415,1.308529,0.1283,0.130853,0.5,0.751377,0.738574,0.192868,0.001,0.003,7.247468,86.257097,0.087099,14686000.0,18353000.0,610.0,69.514231,0,2023年8月23日24时起国内成品油价格按机制上调,1,ok
W0194,2023-09-06,2023-09-06,2023-09,0.0,0.0,0,0,10115,9065,0.431557,0.568443,87.006,2.524287,0.14012,0.252429,0.5,0.730531,0.732701,0.163503,0.0,0.002,7.29558,93.559,0.091853,14228000.0,18741000.0,610.0,134.99027,0,2023年9月6日国内成品油价格不作调整,1,ok
W0195,2023-09-20,2023-09-21,2023-09,302.588708,302.588708,385,370,10500,9435,0.431557,0.568443,93.62,1.773062,0.2724,0.177306,0.5,0.730531,0.732701,0.163503,0.0,0.002,7.29558,93.559,0.091853,14228000.0,18741000.0,610.0,94.817339,0,2023年9月20日24时起国内成品油价格按机制调整,1,ok
W0196,2023-10-10,2023-10-11,2023-10,0.0,0.0,-85,-80,10415,9355,0.420142,0.579858,92.707,3.039272,0.25414,0.303927,0.5,0.738668,0.740192,0.20096,-0.002,-0.001,7.306719,91.040323,-0.025435,14084000.0,19438000.0,610.0,162.778102,0,2023年10月10日24时起国内成品油价格按机制调整,1,ok
W0197,2023-10-24,2023-10-25,2023-10,-101.556222,-101.556222,-70,-70,10345,9285,0.420142,0.579858,91.523,2.33283,0.23046,0.233283,0.5,0.738668,0.740192,0.20096,-0.002,-0.001,7.306719,91.040323,-0.025435,14084000.0,19438000.0,610.0,124.942306,0,2023年10月24日24时起国内成品油价格按机制调整,1,ok
W0198,2023-11-07,2023-11-08,2023-11,-145.280841,-145.280841,-140,-135,10205,9150,0.418205,0.581795,88.567,2.033174,0.17134,0.203317,0.5,0.711639,0.726946,0.134731,-0.005,-0.005,7.225997,82.972667,-0.098685,12690000.0,17654000.0,610.0,107.690216,0,2023年11月7日24时起国内成品油价格按机制调整,1,ok
W0199,2023-11-21,2023-11-22,2023-11,-276.784891,-276.784891,-340,-330,9865,8820,0.418205,0.581795,82.318,1.662354,0.04636,0.166235,0.5,0.711639,0.726946,0.134731,-0.005,-0.005,7.225997,82.972667,-0.098685,12690000.0,17654000.0,610.0,88.049167,0,2023年11月21日24时起国内成品油价格按机制调整,1,ok
W0200,2023-12-05,2023-12-06,2023-12,-77.944544,-77.944544,-55,-50,9810,8770,0.413303,0.586697,80.758,1.569994,0.01516,0.156999,0.5,0.73265,0.727652,0.138262,-0.003,0.001,7.13679,77.880323,-0.072961,12962000.0,18400000.0,610.0,82.130599,0,2023年12月5日24时起国内成品油价格按机制调整,1,ok
W0201,2023-12-19,2023-12-20,2023-12,-248.435027,-248.435027,-415,-400,9395,8370,0.413303,0.586697,75.853,1.663988,0.0,0.166399,0.75,0.73265,0.727652,0.138262,-0.003,0.001,7.13679,77.880323,-0.072961,12962000.0,18400000.0,610.0,87.047645,0,2023年12月19日24时起国内成品油价格按机制调整,1,ok
W0202,2024-01-03,2024-01-04,2024-01,144.311521,144.311521,200,190,9595,8560,0.5,0.5,79.155,1.556286,0.0,0.155629,0.75,,0.722144,0.110722,-0.008,0.003,7.168161,80.15871,0.033779,,,620.0,81.771327,0,2024年1月3日24时起国内成品油价格按机制调整,1,warn_missing_joined_monthly_data
W0203,2024-01-17,2024-01-18,2024-01,0.0,0.0,-50,-50,9545,8510,0.5,0.5,78.319,1.456908,0.0,0.145691,0.75,,0.722144,0.110722,-0.008,0.003,7.168161,80.15871,0.033779,,,620.0,76.549752,0,2024年1月17日24时起国内成品油价格按机制调整,1,warn_missing_joined_monthly_data
W0204,2024-01-31,2024-02-01,2024-01,145.088135,145.088135,200,200,9745,8710,0.5,0.5,82.032,1.182144,0.04064,0.118214,0.75,,0.722144,0.110722,-0.008,0.003,7.168161,80.15871,0.033779,,,620.0,62.11292,0,2024年1月31日24时起国内成品油价格按机制上调,1,warn_missing_joined_monthly_data
W0205,2024-02-19,2024-02-19,2024-02,0.0,0.0,0,0,9745,8710,0.5,0.5,82.975,2.11042,0.0595,0.211042,0.75,,0.73265,0.163248,0.007,0.01,7.193517,83.358621,0.043598,,,620.0,111.279256,0,2024年2月19日国内成品油价格按机制不作调整,1,warn_missing_joined_monthly_data
W0206,2024-03-04,2024-03-05,2024-03,131.001777,131.001777,125,120,9870,8830,0.433323,0.566677,84.637,0.725914,0.09274,0.072591,0.75,0.727518,0.727518,0.137591,0.001,-0.01,7.202684,85.336129,0.025027,14291000.0,18689000.0,620.0,38.325132,0,2024年3月4日国内成品油价格按机制调整,1,ok
W0207,2024-03-18,2024-03-18,2024-03,0.0,0.0,0,0,9870,8830,0.433323,0.566677,85.076,1.000774,0.10152,0.100077,0.75,0.727518,0.727518,0.137591,0.001,-0.01,7.202684,85.336129,0.025027,14291000.0,18689000.0,620.0,52.83656,0,2024年3月18日国内成品油价格按机制不作调整,1,ok
W0208,2024-04-01,2024-04-02,2024-04,85.458625,85.458625,200,190,10070,9020,0.435492,0.564508,85.798,0.724721,0.11596,0.072472,0.75,0.719121,0.72332,0.116599,0.003,0.001,7.237983,90.085,0.060823,13323000.0,17270000.0,620.0,38.449646,0,2024年4月1日国内成品油价格按机制调整,1,ok
W0209,2024-04-16,2024-04-17,2024-04,192.041217,192.041217,200,195,10270,9215,0.435492,0.564508,91.224,1.427784,0.22448,0.142778,0.75,0.719121,0.72332,0.116599,0.003,0.001,7.237983,90.085,0.060823,13323000.0,17270000.0,620.0,75.750232,0,国内成品油价格按机制调整,1,ok
W0210,2024-04-29,2024-04-30,2024-04,-99.499221,-99.499221,-70,-70,10200,9145,0.435492,0.564508,89.063,0.868894,0.18126,0.086889,0.75,0.719121,0.72332,0.116599,0.003,0.001,7.237983,90.085,0.060823,13323000.0,17270000.0,620.0,46.098688,0,2024年4月29日国内成品油价格按机制调整,1,ok
W0211,2024-05-15,2024-05-16,2024-05,-236.891798,-236.891798,-235,-225,9965,8920,0.443461,0.556539,83.616,1.666176,0.07232,0.166618,0.5,0.721317,0.722652,0.113261,0.003,-0.001,7.233123,81.79,-0.092689,13824000.0,17349000.0,620.0,88.338653,0,2024年5月15日国内成品油价格按机制调整,1,ok
W0212,2024-05-29,2024-05-29,2024-05,-102.190574,-102.190574,0,0,9965,8920,0.443461,0.556539,80.741,1.367718,0.01482,0.136772,0.5,0.721317,0.722652,0.113261,0.003,-0.001,7.233123,81.79,-0.092689,13824000.0,17349000.0,620.0,72.514772,0,2024年5月29日国内成品油价格按机制不作调整,1,ok
W0213,2024-06-13,2024-06-14,2024-06,-117.312728,-117.312728,-190,-180,9775,8740,0.452689,0.547311,78.402,1.862693,0.0,0.186269,0.5,0.721318,0.720585,0.102927,0.002,-0.002,7.254577,82.344,0.00976,13702000.0,16566000.0,620.0,99.050646,0,2024年6月13日国内成品油价格按机制调整,1,ok
W0214,2024-06-27,2024-06-28,2024-06,240.179341,240.179341,210,200,9985,8940,0.452689,0.547311,84.747,2.098194,0.09494,0.209819,0.5,0.721318,0.720585,0.102927,0.002,-0.002,7.254577,82.344,0.00976,13702000.0,16566000.0,620.0,111.573647,0,2024年6月27日国内成品油价格按机制调整,1,ok
W0215,2024-07-11,2024-07-12,2024-07,115.832618,115.832618,110,105,10095,9045,0.462398,0.537602,87.454,0.844412,0.14908,0.084441,0.5,0.702844,0.71516,0.075798,0.005,0.005,7.260803,85.278065,0.036521,13939000.0,16206000.0,620.0,44.941016,0,2024年7月11日国内成品油价格按机制调整,1,ok
W0216,2024-07-25,2024-07-26,2024-07,-84.940151,-84.940151,-145,-140,9950,8905,0.462398,0.537602,85.272,1.740826,0.10544,0.174083,0.5,0.702844,0.71516,0.075798,0.005,0.005,7.260803,85.278065,0.036521,13939000.0,16206000.0,620.0,92.64968,0,2024年7月25日国内成品油价格按机制调整,1,ok
W0217,2024-08-08,2024-08-09,2024-08,-255.654913,-255.654913,-305,-290,9645,8615,0.456464,0.543536,79.763,1.657581,0.0,0.165758,0.5,0.733547,0.719236,0.096182,0.006,0.004,7.147235,80.343226,-0.072604,13714000.0,16330000.0,620.0,86.83939,0,2024年8月8日国内成品油价格按机制调整,1,ok
W0218,2024-08-22,2024-08-22,2024-08,63.913611,63.913611,0,0,9645,8615,0.456464,0.543536,81.291,1.395514,0.02582,0.139551,0.5,0.733547,0.719236,0.096182,0.006,0.004,7.147235,80.343226,-0.072604,13714000.0,16330000.0,620.0,73.109919,0,2024年8月22日国内成品油价格按机制不作调整,1,ok
W0219,2024-09-05,2024-09-06,2024-09,-120.624428,-120.624428,-100,-100,9545,8515,0.443896,0.556104,79.016,2.268749,0.0,0.226875,0.5,0.72713,0.721174,0.105869,0.004,0.0,7.072813,74.091,-0.087421,13494000.0,16905000.0,620.0,117.620373,0,2024年9月5日国内成品油价格按机制调整,1,ok
W0220,2024-09-20,2024-09-21,2024-09,-254.624182,-254.624182,-365,-350,9180,8165,0.443896,0.556104,73.229,1.57535,0.0,0.157535,0.5,0.72713,0.721174,0.105869,0.004,0.0,7.072813,74.091,-0.087421,13494000.0,16905000.0,620.0,81.672028,0,2024年9月20日国内成品油价格按机制调整,1,ok
W0221,2024-10-10,2024-10-11,2024-10,128.535616,128.535616,140,135,9320,8300,0.428993,0.571007,76.108,2.909623,0.0,0.290962,0.5,0.715566,0.725415,0.127074,0.003,-0.003,7.084403,75.982903,0.027215,13237000.0,17619000.0,620.0,151.092858,0,2024年10月10日国内成品油价格按机制调整,1,ok
W0222,2024-10-23,2024-10-24,2024-10,0.0,0.0,90,85,9410,8385,0.428993,0.571007,75.858,2.951082,0.0,0.295108,0.5,0.715566,0.725415,0.127074,0.003,-0.003,7.084403,75.982903,0.027215,13237000.0,17619000.0,620.0,153.245772,0,2024年10月23日国内成品油价格按机制调整,1,ok
W0223,2024-11-06,2024-11-07,2024-11,-97.915262,-97.915262,-145,-140,9265,8245,0.409099,0.590901,73.949,1.637147,0.0,0.163715,0.5,0.737745,0.726814,0.134069,0.002,-0.006,7.20448,74.328333,-0.005195,12095000.0,17470000.0,620.0,86.455851,0,2024年11月6日国内成品油价格按机制调整,1,ok
W0224,2024-11-20,2024-11-20,2024-11,0.0,0.0,0,0,9265,8245,0.409099,0.590901,73.941,0.854775,0.0,0.085478,0.5,0.737745,0.726814,0.134069,0.002,-0.006,7.20448,74.328333,-0.005195,12095000.0,17470000.0,620.0,45.139691,0,2024年11月20日国内成品油价格不作调整,1,ok
W0225,2024-12-04,2024-12-04,2024-12,0.0,0.0,0,0,9265,8245,0.411635,0.588365,74.395,0.920318,0.0,0.092032,0.5,0.733331,0.728881,0.144404,0.001,0.0,7.280945,73.858387,0.004224,12340000.0,17638000.0,620.0,49.116768,0,2024年12月4日国内成品油价格按机制不作调整,1,ok
W0226,2024-12-18,2024-12-18,2024-12,0.0,0.0,0,0,9265,8245,0.411635,0.588365,73.986,0.546602,0.0,0.05466,0.5,0.733331,0.728881,0.144404,0.001,0.0,7.280945,73.858387,0.004224,12340000.0,17638000.0,620.0,29.171793,0,2024年12月18日国内成品油价格按机制不作调整,1,ok
W0227,2025-01-02,2025-01-03,2025-01,0.0,0.0,70,70,9335,8315,0.5,0.5,73.718,0.860115,0.0,0.086011,0.5,,0.735538,0.17769,0.005,0.007,7.299248,79.191935,0.074909,,,630.0,46.01914,0,2025年1月2日国内成品油价格按机制调整,1,warn_missing_joined_monthly_data
W0228,2025-01-16,2025-01-17,2025-01,255.51943,255.51943,340,325,9675,8640,0.5,0.5,79.21,2.379881,0.0,0.237988,0.5,,0.735538,0.17769,0.005,0.007,7.299248,79.191935,0.074909,,,630.0,127.331959,0,2025年1月16日国内成品油价格按机制调整,1,warn_missing_joined_monthly_data
W0229,2025-02-06,2025-02-06,2025-02,-88.962864,-88.962864,0,0,9675,8640,0.5,0.5,77.197,2.455768,0.0,0.245577,0.5,,0.733331,0.166657,-0.007,-0.002,7.268836,75.445714,-0.051275,,,630.0,130.844702,0,2025年2月6日国内成品油价格按机制不作调整,1,warn_missing_joined_monthly_data
W0230,2025-02-19,2025-02-20,2025-02,-69.188106,-69.188106,-170,-160,9505,8480,0.5,0.5,75.626,0.8328,0.0,0.08328,0.5,,0.733331,0.166657,-0.007,-0.002,7.268836,75.445714,-0.051275,,,630.0,44.372067,0,2025年2月19日国内成品油价格按机制调整,1,warn_missing_joined_monthly_data
W0231,2025-03-05,2025-03-06,2025-03,-63.814945,-63.814945,-135,-130,9370,8350,0.4403,0.5597,74.459,1.435746,0.0,0.143575,0.5,,,,-0.001,-0.004,7.250519,72.917097,-0.035951,13220000.0,16805000.0,630.0,76.304621,0,2025年3月5日国内成品油价格按机制调整,1,warn_missing_joined_monthly_data
W0232,2025-03-19,2025-03-20,2025-03,-139.879049,-139.879049,-280,-270,9090,8080,0.4403,0.5597,71.606,0.527547,0.0,0.052755,0.5,,,,-0.001,-0.004,7.250519,72.917097,-0.035951,13220000.0,16805000.0,630.0,28.037189,0,2025年3月19日国内成品油价格按机制调整,1,warn_missing_joined_monthly_data
W0233,2025-04-02,2025-04-03,2025-04,132.801696,132.801696,230,220,9320,8300,0.438103,0.561897,74.395,1.706054,0.0,0.170605,0.5,,,,-0.001,0.001,7.294827,68.145667,-0.059725,12160000.0,15596000.0,630.0,91.224551,0,2025年4月2日国内成品油价格按机制调整,1,warn_missing_joined_monthly_data
W0234,2025-04-17,2025-04-18,2025-04,-341.286678,-341.286678,-480,-465,8840,7835,0.438103,0.561897,67.309,1.767782,0.0,0.176778,0.5,,,,-0.001,0.001,7.294827,68.145667,-0.059725,12160000.0,15596000.0,630.0,94.525214,0,2025年4月17日国内成品油价格按机制调整,1,warn_missing_joined_monthly_data
W0235,2025-04-30,2025-04-30,2025-04,0.0,0.0,0,0,8840,7835,0.438103,0.561897,67.288,1.914116,0.0,0.191412,0.5,,,,-0.001,0.001,7.294827,68.145667,-0.059725,12160000.0,15596000.0,630.0,102.349851,0,2025年4月30日国内成品油价格按机制不作调整,1,warn_missing_joined_monthly_data
W0236,2025-05-19,2025-05-20,2025-05,-111.978054,-111.978054,-230,-220,8610,7615,0.438512,0.561488,63.841,1.889074,0.0,0.188907,0.5,,,,-0.001,-0.002,7.216716,64.298065,-0.066565,12427000.0,15912000.0,630.0,99.929213,0,2025年5月19日国内成品油价格按机制调整,1,warn_missing_joined_monthly_data
W0237,2025-06-03,2025-06-04,2025-06,62.406611,62.406611,65,60,8675,7675,0.433795,0.566205,65.483,0.962302,0.0,0.09623,0.5,,,,0.001,-0.001,7.181177,71.63,0.108544,12515000.0,16335000.0,630.0,50.65367,0,2025年6月3日国内成品油价格按机制调整,1,warn_missing_joined_monthly_data
W0238,2025-06-17,2025-06-18,2025-06,217.12596,217.12596,260,255,8935,7930,0.433795,0.566205,69.965,3.973646,0.0,0.397365,0.5,,,,0.001,-0.001,7.181177,71.63,0.108544,12515000.0,16335000.0,630.0,209.164886,0,2025年6月17日国内成品油价格按机制调整,1,warn_missing_joined_monthly_data
W0239,2025-07-01,2025-07-02,2025-07,138.265523,138.265523,235,225,9170,8155,0.441698,0.558302,73.414,4.860006,0.0,0.486001,0.5,,,,0.0,0.004,7.172977,70.990645,-0.010057,13239000.0,16734000.0,630.0,255.529003,0,2025年7月1日国内成品油价格按机制调整,1,warn_missing_joined_monthly_data
W0240,2025-07-15,2025-07-16,2025-07,-94.985003,-94.985003,-130,-125,9040,8030,0.441698,0.558302,70.971,0.722887,0.0,0.072289,0.5,,,,0.0,0.004,7.172977,70.990645,-0.010057,13239000.0,16734000.0,630.0,38.007905,0,2025年7月15日国内成品油价格按机制调整,1,warn_missing_joined_monthly_data
W0241,2025-07-29,2025-07-29,2025-07,0.0,0.0,0,0,9040,8030,0.441698,0.558302,70.362,1.167054,0.0,0.116705,0.5,,,,0.0,0.004,7.172977,70.990645,-0.010057,13239000.0,16734000.0,630.0,61.36126,0,2025年7月29日国内成品油价格按机制不作调整,1,warn_missing_joined_monthly_data
W0242,2025-08-12,2025-08-12,2025-08,0.0,0.0,0,0,9040,8030,0.441362,0.558638,69.936,2.30272,0.0,0.230272,0.5,,,,-0.004,0.0,7.17329,67.999032,-0.042099,13477000.0,17058000.0,630.0,121.077537,0,2025年8月12日国内成品油价格按机制不作调整,1,warn_missing_joined_monthly_data
W0243,2025-08-26,2025-08-27,2025-08,-160.136392,-160.136392,-180,-175,8860,7855,0.441362,0.558638,67.494,0.691029,0.0,0.069103,0.5,,,,-0.004,0.0,7.17329,67.999032,-0.042099,13477000.0,17058000.0,630.0,36.33443,0,2025年8月26日国内成品油价格按机制调整,1,warn_missing_joined_monthly_data
W0244,2025-09-09,2025-09-09,2025-09,0.0,0.0,0,0,8860,7855,0.431898,0.568102,67.079,1.300235,0.0,0.130023,0.5,,,,-0.003,0.001,7.124333,67.922,-0.00795,13242000.0,17418000.0,630.0,67.900038,0,2025年9月9日国内成品油价格按机制不作调整,1,warn_missing_joined_monthly_data
W0245,2025-09-23,2025-09-23,2025-09,0.0,0.0,0,0,8860,7855,0.431898,0.568102,67.922,0.776323,0.0,0.077632,0.5,,,,-0.003,0.001,7.124333,67.922,-0.00795,13242000.0,17418000.0,630.0,40.540668,0,2025年9月23日国内成品油价格按机制不作调整,1,warn_missing_joined_monthly_data
W0246,2025-10-13,2025-10-14,2025-10,0.0,0.0,-75,-70,8785,7785,0.432145,0.567855,66.901,2.316414,0.0,0.231641,0.5,,,,0.002,0.002,7.121816,64.504516,-0.05065,13457000.0,17683000.0,630.0,120.923567,0,2025年10月13日国内成品油价格按机制调整,1,warn_missing_joined_monthly_data
W0247,2025-10-27,2025-10-28,2025-10,-215.571879,-215.571879,-265,-255,8520,7530,0.432145,0.567855,62.79,2.139141,0.0,0.213914,0.5,,,,0.002,0.002,7.121816,64.504516,-0.05065,13457000.0,17683000.0,630.0,111.669399,0,2025年10月27日国内成品油价格按机制调整,1,warn_missing_joined_monthly_data
W0248,2025-11-10,2025-11-11,2025-11,86.151591,86.151591,125,120,8645,7650,0.419612,0.580388,64.661,0.909889,0.0,0.090989,0.5,,,,0.007,-0.001,7.10528,63.828667,-0.012775,12465000.0,17241000.0,630.0,47.388567,0,2025年11月10日国内成品油价格按机制调整,1,warn_missing_joined_monthly_data
W0249,2025-11-24,2025-11-25,2025-11,-58.852168,-58.852168,-70,-65,8575,7585,0.419612,0.580388,63.256,0.830883,0.0,0.083088,0.5,,,,0.007,-0.001,7.10528,63.828667,-0.012775,12465000.0,17241000.0,630.0,43.273826,0,2025年11月24日国内成品油价格按机制调整,1,warn_missing_joined_monthly_data
W0250,2025-12-08,2025-12-09,2025-12,0.0,0.0,-55,-55,8520,7530,0.41582,0.58418,64.179,0.391241,0.0,0.039124,0.5,,,,0.008,0.002,7.042187,62.709355,-0.02626,12606000.0,17710000.0,630.0,20.195551,0,2025年12月8日国内成品油价格按机制调整,1,warn_missing_joined_monthly_data
W0251,2025-12-22,2025-12-23,2025-12,-89.745767,-89.745767,-170,-165,8350,7365,0.41582,0.58418,61.715,0.817253,0.0,0.081725,0.5,,,,0.008,0.002,7.042187,62.709355,-0.02626,12606000.0,17710000.0,630.0,42.185974,0,2025年12月22日国内成品油价格按机制调整,1,warn_missing_joined_monthly_data
W0252,2026-01-06,2026-01-06,2026-01,0.0,0.0,0,0,8350,7365,0.5,0.5,62.339,0.891559,0.0,0.089156,0.25,,,,0.002,0.002,6.970613,66.344839,0.047221,,,630.0,45.553841,0,2026年1月6日国内成品油价格按机制不作调整,1,warn_missing_joined_monthly_data
W0253,2026-01-20,2026-01-21,2026-01,134.09457,134.09457,85,85,8435,7450,0.5,0.5,65.352,1.912577,0.0,0.191258,0.25,,,,0.002,0.002,6.970613,66.344839,0.047221,,,630.0,97.722319,0,2026年1月20日国内成品油价格按机制调整,1,warn_missing_joined_monthly_data
W0254,2026-02-03,2026-02-04,2026-02,170.189541,170.189541,205,195,8640,7645,0.5,0.5,68.787,2.126889,0.0,0.212689,0.25,,,,0.013,0.01,6.908479,70.986786,0.06043,,,630.0,107.703826,0,2026年2月3日国内成品油价格按机制调整,1,warn_missing_joined_monthly_data
W0255,2026-02-24,2026-02-25,2026-02,128.893509,128.893509,175,170,8815,7815,0.5,0.5,71.247,1.068488,0.0,0.106849,0.25,,,,0.013,0.01,6.908479,70.986786,0.06043,,,630.0,54.107302,0,2026年2月24日国内成品油价格按机制调整,1,warn_missing_joined_monthly_data
W0256,2026-03-09,2026-03-10,2026-03,342.626959,342.626959,695,670,9510,8485,0.5,0.5,78.319,10.240649,0.0,1.0,0.75,,,,0.01,-0.007,6.892368,103.806452,0.458925,,,630.0,517.368418,0,2026年3月9日国内成品油价格按机制调整,1,warn_missing_joined_monthly_data
W0257,2026-03-23,2026-03-24,2026-03,679.538636,679.538636,1160,1115,10670,9600,0.5,0.5,103.777,9.217528,0.47554,0.921753,0.75,,,,0.01,-0.007,6.892368,103.806452,0.458925,,,630.0,465.679251,1,special control window; see NDRC notice/title and task-specific 2026 case,1,warn_missing_joined_monthly_data
W0258,2026-04-07,2026-04-08,2026-04,190.558713,190.558713,420,400,11090,10000,0.5,0.5,117.037,7.600535,0.74074,0.760054,0.75,,,,0.012,0.003,6.838093,117.177,0.119914,,,630.0,380.963323,1,special control window; see NDRC notice/title and task-specific 2026 case,1,warn_missing_joined_monthly_data
W0259,2026-04-21,2026-04-22,2026-04,0.0,0.0,-555,-530,10535,9470,0.5,0.5,117.398,9.031624,0.74796,0.903162,0.5,,,,0.012,0.003,6.838093,117.177,0.119914,,,630.0,452.694094,0,2026年4月21日国内成品油价格下调,1,warn_missing_joined_monthly_data
W0260,2026-05-08,2026-05-09,2026-05,-59.563493,-59.563493,320,310,10855,9780,,,114.626,4.606331,0.69252,0.460633,0.5,,,,,,,,,,,630.0,,0,2026年5月8日国内成品油价格调整,1,warn_missing_joined_monthly_data
