date,notice_date,gasoline_adjust_cny_per_ton,diesel_adjust_cny_per_ton,beijing_gasoline_ceiling_after_cny_per_ton,beijing_diesel_ceiling_after_cny_per_ton,notice_title,source_url,avg_adjust_cny_per_ton,avg_ceiling_after_cny_per_ton,is_adjusted,adjust_direction,abs_adjust_cny_per_ton,month
2013-02-25,2013-02-24,300,290,10080,9330,国家提高成品油价格,https://www.ndrc.gov.cn/xwdt/ztzl/gncpyjg/201302/t20130224_1293079.html,295,9705,1,up,295,2013-02
2013-03-27,2013-03-27,-310,-300,9770,9030,国家发展改革委关于降低国内成品油价格的通知（3月27日零时起）,https://www.nea.gov.cn/2013-03/27/c_132265925.htm,-305,9400,1,down,305,2013-03
2013-04-10,2013-04-10,0,0,9770,9030,4月10日国内成品油价格不作调整,https://www.ndrc.gov.cn/xwdt/ztzl/gncpyjg/201304/t20130410_1293080.html,0,9400,0,no_adjust,0,2013-04
2013-04-25,2013-04-24,-395,-400,9375,8630,国家降低成品油价格,https://www.ndrc.gov.cn/xwdt/ztzl/gncpyjg/201304/t20130424_1293081.html,-397.5,9002.5,1,down,397.5,2013-04
2013-05-10,2013-05-09,95,95,9470,8725,国家提高成品油价格,https://www.ndrc.gov.cn/xwdt/ztzl/gncpyjg/201305/t20130509_1293082.html,95,9097.5,1,up,95,2013-05
2013-05-23,2013-05-23,0,0,9470,8725,5月23日国内成品油价格不作调整,https://www.ndrc.gov.cn/xwdt/ztzl/gncpyjg/201305/t20130523_1293083.html,0,9097.5,0,no_adjust,0,2013-05
2013-06-07,2013-06-06,-95,-90,9375,8635,国家降低成品油价格,https://www.ndrc.gov.cn/xwdt/ztzl/gncpyjg/201306/t20130606_1293084.html,-92.5,9005,1,down,92.5,2013-06
2013-06-22,2013-06-21,100,95,9475,8730,国家提高成品油价格,https://www.ndrc.gov.cn/xwdt/ztzl/gncpyjg/201306/t20130621_1293085.html,97.5,9102.5,1,up,97.5,2013-06
2013-07-06,2013-07-05,-80,-75,9395,8655,国家降低成品油价格,https://www.ndrc.gov.cn/xwdt/ztzl/gncpyjg/201307/t20130705_1293086.html,-77.5,9025,1,down,77.5,2013-07
2013-07-20,2013-07-19,325,310,9720,8965,国家提高成品油价格,https://www.ndrc.gov.cn/xwdt/ztzl/gncpyjg/201307/t20130719_1293087.html,317.5,9342.5,1,up,317.5,2013-07
2013-08-02,2013-08-02,0,0,9720,8965,8月2日国内成品油价格不作调整,https://www.ndrc.gov.cn/xwdt/ztzl/gncpyjg/201308/t20130802_1293088.html,0,9342.5,0,no_adjust,0,2013-08
2013-08-16,2013-08-16,0,0,9720,8965,8月16日国内成品油价格不作调整,https://www.ndrc.gov.cn/xwdt/ztzl/gncpyjg/201308/t20130816_1293089.html,0,9342.5,0,no_adjust,0,2013-08
2013-08-31,2013-08-30,235,225,9955,9190,国家提高成品油价格,https://www.ndrc.gov.cn/xwdt/ztzl/gncpyjg/201308/t20130830_1293090.html,230,9572.5,1,up,230,2013-08
2013-09-14,2013-09-13,90,85,10045,9275,国家提高成品油价格,https://www.ndrc.gov.cn/xwdt/ztzl/gncpyjg/201309/t20130913_1292856.html,87.5,9660,1,up,87.5,2013-09
2013-09-30,2013-09-29,-245,-235,9800,9040,国家降低成品油价格,https://www.ndrc.gov.cn/xwdt/ztzl/gncpyjg/201309/t20130929_1292857.html,-240,9420,1,down,240,2013-09
2013-10-17,2013-10-17,0,0,9800,9040,10月17日国内成品油价格不作调整,https://www.ndrc.gov.cn/xwdt/ztzl/gncpyjg/201310/t20131017_1292858.html,0,9420,0,no_adjust,0,2013-10
2013-11-01,2013-10-31,-75,-75,9725,8965,国家降低成品油价格,https://www.ndrc.gov.cn/xwdt/ztzl/gncpyjg/201310/t20131031_1292859.html,-75,9345,1,down,75,2013-11
2013-11-15,2013-11-14,-160,-155,9565,8810,国家降低成品油价格,https://www.ndrc.gov.cn/xwdt/ztzl/gncpyjg/201311/t20131114_1292860.html,-157.5,9187.5,1,down,157.5,2013-11
2013-11-29,2013-11-28,160,155,9725,8965,国家提高成品油价格,https://www.ndrc.gov.cn/xwdt/ztzl/gncpyjg/201311/t20131128_1292861.html,157.5,9345,1,up,157.5,2013-11
2013-12-13,2013-12-12,60,60,9785,9025,国家提高成品油价格,https://www.ndrc.gov.cn/xwdt/ztzl/gncpyjg/201312/t20131212_1292862.html,60,9405,1,up,60,2013-12
2013-12-26,2013-12-26,0,0,9785,9025,12月26日国内成品油价格不作调整,https://www.ndrc.gov.cn/xwdt/ztzl/gncpyjg/201312/t20131226_1292863.html,0,9405,0,no_adjust,0,2013-12
2014-01-11,2014-01-10,-125,-120,9660,8905,国家降低成品油价格,https://www.ndrc.gov.cn/xwdt/ztzl/gncpyjg/201401/t20140110_1292864.html,-122.5,9282.5,1,down,122.5,2014-01
2014-01-25,2014-01-24,-130,-125,9530,8780,国家降低成品油价格,https://www.ndrc.gov.cn/xwdt/ztzl/gncpyjg/201401/t20140124_1292865.html,-127.5,9155,1,down,127.5,2014-01
2014-02-12,2014-02-12,0,0,9530,8780,2月12日国内成品油价格不作调整,https://www.ndrc.gov.cn/xwdt/ztzl/gncpyjg/201402/t20140212_1292866.html,0,9155,0,no_adjust,0,2014-02
2014-02-27,2014-02-26,205,200,9735,8980,国家提高成品油价格,https://www.ndrc.gov.cn/xwdt/ztzl/gncpyjg/201402/t20140226_1292867.html,202.5,9357.5,1,up,202.5,2014-02
2014-03-12,2014-03-12,0,0,9735,8980,3月12日国内成品油价格不作调整,https://www.ndrc.gov.cn/xwdt/ztzl/gncpyjg/201403/t20140312_1292868.html,0,9357.5,0,no_adjust,0,2014-03
2014-03-27,2014-03-26,-135,-130,9600,8850,国家降低成品油价格,https://www.ndrc.gov.cn/xwdt/ztzl/gncpyjg/201403/t20140326_1292869.html,-132.5,9225,1,down,132.5,2014-03
2014-04-10,2014-04-10,0,0,9600,8850,4月10日国内成品油价格不作调整,https://www.ndrc.gov.cn/xwdt/ztzl/gncpyjg/201404/t20140410_1292870.html,0,9225,0,no_adjust,0,2014-04
2014-04-25,2014-04-24,155,145,9755,8995,国家提高成品油价格,https://www.ndrc.gov.cn/xwdt/ztzl/gncpyjg/201404/t20140424_1292871.html,150,9375,1,up,150,2014-04
2014-05-10,2014-05-09,-50,-50,9705,8945,国家降低成品油价格,https://www.ndrc.gov.cn/xwdt/ztzl/gncpyjg/201405/t20140509_1292872.html,-50,9325,1,down,50,2014-05
2014-05-24,2014-05-23,70,70,9775,9015,国家提高成品油价格,https://www.ndrc.gov.cn/xwdt/ztzl/gncpyjg/201405/t20140523_1292873.html,70,9395,1,up,70,2014-05
2014-06-09,2014-06-09,0,0,9775,9015,6月9日国内成品油价格不作调整,https://www.ndrc.gov.cn/xwdt/ztzl/gncpyjg/201406/t20140609_1292874.html,0,9395,0,no_adjust,0,2014-06
2014-06-24,2014-06-23,165,160,9940,9175,国家提高成品油价格,https://www.ndrc.gov.cn/xwdt/ztzl/gncpyjg/201406/t20140623_1292875.html,162.5,9557.5,1,up,162.5,2014-06
2014-07-07,2014-07-07,0,0,9940,9175,7月7日国内成品油价格不作调整,https://www.ndrc.gov.cn/xwdt/ztzl/gncpyjg/201407/t20140707_1292876.html,0,9557.5,0,no_adjust,0,2014-07
2014-07-22,2014-07-21,-245,-235,9695,8940,国家降低成品油价格,https://www.ndrc.gov.cn/xwdt/ztzl/gncpyjg/201407/t20140721_1292877.html,-240,9317.5,1,down,240,2014-07
2014-08-04,2014-08-04,0,0,9695,8940,8月4日国内成品油价格不作调整,https://www.ndrc.gov.cn/xwdt/ztzl/gncpyjg/201408/t20140804_1292878.html,0,9317.5,0,no_adjust,0,2014-08
2014-08-19,2014-08-18,-190,-185,9505,8755,国家降低成品油价格,https://www.ndrc.gov.cn/xwdt/ztzl/gncpyjg/201408/t20140818_1292879.html,-187.5,9130,1,down,187.5,2014-08
2014-09-02,2014-09-01,-105,-100,9400,8655,国家降低成品油价格,https://www.ndrc.gov.cn/xwdt/ztzl/gncpyjg/201409/t20140901_1292880.html,-102.5,9027.5,1,down,102.5,2014-09
2014-09-17,2014-09-16,-140,-135,9260,8520,国家降低成品油价格,https://www.ndrc.gov.cn/xwdt/ztzl/gncpyjg/201409/t20140916_1292881.html,-137.5,8890,1,down,137.5,2014-09
2014-09-30,2014-09-29,-100,-95,9160,8425,国家降低成品油价格,https://www.ndrc.gov.cn/xwdt/ztzl/gncpyjg/201409/t20140929_1292882.html,-97.5,8792.5,1,down,97.5,2014-09
2014-10-18,2014-10-17,-300,-290,8860,8135,国家降低成品油价格,https://www.ndrc.gov.cn/xwdt/ztzl/gncpyjg/201410/t20141017_1292883.html,-295,8497.5,1,down,295,2014-10
2014-11-01,2014-10-31,-245,-235,8615,7900,国家降低成品油价格,https://www.ndrc.gov.cn/xwdt/ztzl/gncpyjg/201410/t20141031_1292884.html,-240,8257.5,1,down,240,2014-11
2014-11-15,2014-11-14,-190,-180,8425,7720,国家降低成品油价格,https://www.ndrc.gov.cn/xwdt/ztzl/gncpyjg/201411/t20141114_1292885.html,-185,8072.5,1,down,185,2014-11
2014-11-29,2014-11-28,0,0,8425,7720,11月28日国内成品油价格因消费税提高不作调整,https://www.ndrc.gov.cn/xwdt/ztzl/gncpyjg/201411/t20141128_1292886.html,0,8072.5,0,no_adjust,0,2014-11
2014-12-13,2014-12-12,-170,-400,8255,7320,国家提高成品油消费税 同时降低成品油价格,https://www.ndrc.gov.cn/xwdt/ztzl/gncpyjg/201412/t20141212_1292887.html,-285,7787.5,1,down,285,2014-12
2014-12-27,2014-12-26,-520,-500,7735,6820,国家降低成品油价格,https://www.ndrc.gov.cn/xwdt/ztzl/gncpyjg/201412/t20141226_1292888.html,-510,7277.5,1,down,510,2014-12
2015-01-13,2015-01-12,-180,-230,7555,6590,国家提高成品油消费税同时降低成品油价格,https://www.ndrc.gov.cn/xwdt/ztzl/gncpyjg/201501/t20150112_1292889.html,-205,7072.5,1,down,205,2015-01
2015-01-27,2015-01-26,-365,-350,7190,6240,国家降低成品油价格,https://www.ndrc.gov.cn/xwdt/ztzl/gncpyjg/201501/t20150126_1292890.html,-357.5,6715,1,down,357.5,2015-01
2015-02-10,2015-02-09,290,280,7480,6520,国家提高成品油价格,https://www.ndrc.gov.cn/xwdt/ztzl/gncpyjg/201502/t20150209_1292891.html,285,7000,1,up,285,2015-02
2015-02-28,2015-02-27,390,375,7870,6895,国家提高成品油价格,https://www.ndrc.gov.cn/xwdt/ztzl/gncpyjg/201502/t20150227_1292892.html,382.5,7382.5,1,up,382.5,2015-02
2015-03-12,2015-03-12,0,0,7870,6895,3月12日国内成品油价格不作调整,https://www.ndrc.gov.cn/xwdt/ztzl/gncpyjg/201503/t20150312_1292893.html,0,7382.5,0,no_adjust,0,2015-03
2015-03-27,2015-03-26,-240,-230,7630,6665,国家降低成品油价格,https://www.ndrc.gov.cn/xwdt/ztzl/gncpyjg/201503/t20150326_1292894.html,-235,7147.5,1,down,235,2015-03
2015-04-11,2015-04-10,120,115,7750,6780,国家提高成品油价格,https://www.ndrc.gov.cn/xwdt/ztzl/gncpyjg/201504/t20150410_1292895.html,117.5,7265,1,up,117.5,2015-04
2015-04-25,2015-04-24,300,285,8050,7065,国家提高成品油价格,https://www.ndrc.gov.cn/xwdt/ztzl/gncpyjg/201504/t20150424_1292896.html,292.5,7557.5,1,up,292.5,2015-04
2015-05-12,2015-05-11,255,245,8305,7310,国家提高成品油价格,https://www.ndrc.gov.cn/xwdt/ztzl/gncpyjg/201505/t20150511_1292897.html,250,7807.5,1,up,250,2015-05
2015-05-25,2015-05-25,0,0,8305,7310,5月25日国内成品油价格不作调整,https://www.ndrc.gov.cn/xwdt/ztzl/gncpyjg/201505/t20150525_1292898.html,0,7807.5,0,no_adjust,0,2015-05
2015-06-09,2015-06-08,-110,-105,8195,7205,国家降低成品油价格,https://www.ndrc.gov.cn/xwdt/ztzl/gncpyjg/201506/t20150608_1292899.html,-107.5,7700,1,down,107.5,2015-06
2015-06-23,2015-06-23,0,0,8195,7205,6月23日国内成品油价格不作调整,https://www.ndrc.gov.cn/xwdt/ztzl/gncpyjg/201506/t20150623_1292900.html,0,7700,0,no_adjust,0,2015-06
2015-07-08,2015-07-07,-95,-90,8100,7115,国家降低成品油价格,https://www.ndrc.gov.cn/xwdt/ztzl/gncpyjg/201507/t20150707_1292901.html,-92.5,7607.5,1,down,92.5,2015-07
2015-07-22,2015-07-21,-265,-265,7835,6850,国家降低成品油价格,https://www.ndrc.gov.cn/xwdt/ztzl/gncpyjg/201507/t20150721_1292902.html,-265,7342.5,1,down,265,2015-07
2015-08-05,2015-08-04,-220,-215,7615,6635,国家降低成品油价格,https://www.ndrc.gov.cn/xwdt/ztzl/gncpyjg/201508/t20150804_1292903.html,-217.5,7125,1,down,217.5,2015-08
2015-08-19,2015-08-18,-210,-205,7405,6430,国家降低成品油价格,https://www.ndrc.gov.cn/xwdt/ztzl/gncpyjg/201508/t20150818_1292904.html,-207.5,6917.5,1,down,207.5,2015-08
2015-09-02,2015-09-01,-125,-120,7280,6310,国家降低成品油价格,https://www.ndrc.gov.cn/xwdt/ztzl/gncpyjg/201509/t20150901_1292905.html,-122.5,6795,1,down,122.5,2015-09
2015-09-17,2015-09-16,90,90,7370,6400,国家提高成品油价格,https://www.ndrc.gov.cn/xwdt/ztzl/gncpyjg/201509/t20150916_1292906.html,90,6885,1,up,90,2015-09
2015-09-30,2015-09-30,0,0,7370,6400,9月30日国内成品油价格不作调整,https://www.ndrc.gov.cn/xwdt/ztzl/gncpyjg/201509/t20150930_1292907.html,0,6885,0,no_adjust,0,2015-09
2015-10-21,2015-10-20,50,50,7420,6450,国家提高成品油价格,https://www.ndrc.gov.cn/xwdt/ztzl/gncpyjg/201510/t20151020_1292908.html,50,6935,1,up,50,2015-10
2015-11-04,2015-11-03,-125,-125,7295,6325,国家降低成品油价格,https://www.ndrc.gov.cn/xwdt/ztzl/gncpyjg/201511/t20151103_1292909.html,-125,6810,1,down,125,2015-11
2015-11-18,2015-11-17,-85,-80,7210,6245,国家降低成品油价格,https://www.ndrc.gov.cn/xwdt/ztzl/gncpyjg/201511/t20151117_1292910.html,-82.5,6727.5,1,down,82.5,2015-11
2015-12-02,2015-12-01,-145,-140,7065,6105,国家降低成品油价格,https://www.ndrc.gov.cn/xwdt/ztzl/gncpyjg/201512/t20151201_1292911.html,-142.5,6585,1,down,142.5,2015-12
2016-01-14,2016-01-13,-140,-135,6925,5970,完善成品油价格机制 同步下调成品油价格,https://www.ndrc.gov.cn/xwdt/ztzl/gncpyjg/201601/t20160113_1292913.html,-137.5,6447.5,1,down,137.5,2016-01
2016-01-27,2016-01-27,0,0,6925,5970,1月27日国内成品油价格不作调整,https://www.ndrc.gov.cn/xwdt/ztzl/gncpyjg/201601/t20160127_1292914.html,0,6447.5,0,no_adjust,0,2016-01
2016-02-15,2016-02-15,0,0,6925,5970,2月15日国内成品油价格不作调整,https://www.ndrc.gov.cn/xwdt/ztzl/gncpyjg/201602/t20160215_1292915.html,0,6447.5,0,no_adjust,0,2016-02
2016-02-29,2016-02-29,0,0,6925,5970,2月29日国内成品油价格不作调整,https://www.ndrc.gov.cn/xwdt/ztzl/gncpyjg/201602/t20160229_1292916.html,0,6447.5,0,no_adjust,0,2016-02
2016-03-14,2016-03-14,0,0,6925,5970,3月14日国内成品油价格不作调整,https://www.ndrc.gov.cn/xwdt/ztzl/gncpyjg/201603/t20160314_1292917.html,0,6447.5,0,no_adjust,0,2016-03
2016-03-28,2016-03-28,0,0,6925,5970,3月28日国内成品油价格不作调整,https://www.ndrc.gov.cn/xwdt/ztzl/gncpyjg/201603/t20160328_1292918.html,0,6447.5,0,no_adjust,0,2016-03
2016-04-12,2016-04-12,0,0,6925,5970,4月12日国内成品油价格不作调整,https://www.ndrc.gov.cn/xwdt/ztzl/gncpyjg/201604/t20160412_1292919.html,0,6447.5,0,no_adjust,0,2016-04
2016-04-27,2016-04-26,165,160,7090,6130,国内成品油价格按机制上调,https://www.ndrc.gov.cn/xwdt/ztzl/gncpyjg/201604/t20160426_1292920.html,162.5,6610,1,up,162.5,2016-04
2016-05-12,2016-05-11,120,115,7210,6245,国内成品油价格按机制上调,https://www.ndrc.gov.cn/xwdt/ztzl/gncpyjg/201605/t20160511_1292921.html,117.5,6727.5,1,up,117.5,2016-05
2016-05-26,2016-05-25,210,200,7420,6445,国内成品油价格按机制上调,https://www.ndrc.gov.cn/xwdt/ztzl/gncpyjg/201605/t20160525_1292922.html,205,6932.5,1,up,205,2016-05
2016-06-09,2016-06-08,110,110,7530,6555,国内成品油价格按机制上调,https://www.ndrc.gov.cn/xwdt/ztzl/gncpyjg/201606/t20160608_1292923.html,110,7042.5,1,up,110,2016-06
2016-06-23,2016-06-23,0,0,7530,6555,6月23日国内成品油价格不作调整,https://www.ndrc.gov.cn/xwdt/ztzl/gncpyjg/201606/t20160623_1292924.html,0,7042.5,0,no_adjust,0,2016-06
2016-07-07,2016-07-07,0,0,7530,6555,7月7日国内成品油价格不作调整,https://www.ndrc.gov.cn/xwdt/ztzl/gncpyjg/201607/t20160707_1292925.html,0,7042.5,0,no_adjust,0,2016-07
2016-07-22,2016-07-21,-155,-150,7375,6405,国内成品油价格按机制下调,https://www.ndrc.gov.cn/xwdt/ztzl/gncpyjg/201607/t20160721_1292926.html,-152.5,6890,1,down,152.5,2016-07
2016-08-05,2016-08-04,-220,-215,7155,6190,国内成品油价格按机制下调,https://www.ndrc.gov.cn/xwdt/ztzl/gncpyjg/201608/t20160804_1292927.html,-217.5,6672.5,1,down,217.5,2016-08
2016-08-19,2016-08-18,175,170,7330,6360,国内成品油价格按机制上调,https://www.ndrc.gov.cn/xwdt/ztzl/gncpyjg/201608/t20160818_1292928.html,172.5,6845,1,up,172.5,2016-08
2016-09-02,2016-09-01,205,200,7535,6560,国内成品油价格按机制上调,https://www.ndrc.gov.cn/xwdt/ztzl/gncpyjg/201609/t20160901_1292929.html,202.5,7047.5,1,up,202.5,2016-09
2016-09-19,2016-09-18,-155,-150,7380,6410,国内成品油价格按机制下调,https://www.ndrc.gov.cn/xwdt/ztzl/gncpyjg/201609/t20160918_1292930.html,-152.5,6895,1,down,152.5,2016-09
2016-09-30,2016-09-30,0,0,7380,6410,9月30日国内成品油价格不作调整,https://www.ndrc.gov.cn/xwdt/ztzl/gncpyjg/201609/t20160930_1292931.html,0,6895,0,no_adjust,0,2016-09
2016-10-20,2016-10-19,355,340,7735,6750,国内成品油价格按机制上调,https://www.ndrc.gov.cn/xwdt/ztzl/gncpyjg/201610/t20161019_1292932.html,347.5,7242.5,1,up,347.5,2016-10
2016-11-02,2016-11-02,0,0,7735,6750,11月2日国内成品油价格不作调整,https://www.ndrc.gov.cn/xwdt/ztzl/gncpyjg/201611/t20161102_1292933.html,0,7242.5,0,no_adjust,0,2016-11
2016-11-17,2016-11-16,-365,-355,7370,6395,国内成品油价格按机制下调,https://www.ndrc.gov.cn/xwdt/ztzl/gncpyjg/201611/t20161116_1292934.html,-360,6882.5,1,down,360,2016-11
2016-12-01,2016-11-30,175,170,7545,6565,国内成品油价格按机制上调,https://www.ndrc.gov.cn/xwdt/ztzl/gncpyjg/201611/t20161130_1292935.html,172.5,7055,1,up,172.5,2016-12
2016-12-15,2016-12-14,435,420,7980,6985,国内成品油价格按机制上调,https://www.ndrc.gov.cn/xwdt/ztzl/gncpyjg/201612/t20161214_1292936.html,427.5,7482.5,1,up,427.5,2016-12
2016-12-29,2016-12-28,100,95,8080,7080,国内成品油价格按机制上调,https://www.ndrc.gov.cn/xwdt/ztzl/gncpyjg/201612/t20161228_1292937.html,97.5,7580,1,up,97.5,2016-12
2017-01-13,2017-01-12,70,70,8150,7150,国内成品油价格按机制上调,https://www.ndrc.gov.cn/xwdt/ztzl/gncpyjg/201701/t20170112_1292938.html,70,7650,1,up,70,2017-01
2017-01-26,2017-01-25,-70,-70,8080,7080,国内成品油价格按机制下调,https://www.ndrc.gov.cn/xwdt/ztzl/gncpyjg/201701/t20170125_1292939.html,-70,7580,1,down,70,2017-01
2017-02-15,2017-02-14,50,50,8130,7130,国内成品油价格按机制上调,https://www.ndrc.gov.cn/xwdt/ztzl/gncpyjg/201702/t20170214_1292940.html,50,7630,1,up,50,2017-02
2017-02-28,2017-02-28,0,0,8130,7130,2月28日国内成品油价格不作调整,https://www.ndrc.gov.cn/xwdt/ztzl/gncpyjg/201702/t20170228_1292941.html,0,7630,0,no_adjust,0,2017-02
2017-03-15,2017-03-14,-85,-85,8045,7045,国内成品油价格按机制下调,https://www.ndrc.gov.cn/xwdt/ztzl/gncpyjg/201703/t20170314_1292942.html,-85,7545,1,down,85,2017-03
2017-03-29,2017-03-28,-230,-220,7815,6825,国内成品油价格按机制下调,https://www.ndrc.gov.cn/xwdt/ztzl/gncpyjg/201703/t20170328_1292943.html,-225,7320,1,down,225,2017-03
2017-04-13,2017-04-12,200,190,8015,7015,国内成品油价格按机制上调,https://www.ndrc.gov.cn/xwdt/ztzl/gncpyjg/201704/t20170412_1292944.html,195,7515,1,up,195,2017-04
2017-04-26,2017-04-26,0,0,8015,7015,4月26日国内成品油价格不作调整,https://www.ndrc.gov.cn/xwdt/ztzl/gncpyjg/201704/t20170426_1292945.html,0,7515,0,no_adjust,0,2017-04
2017-05-12,2017-05-11,-250,-235,7765,6780,国内成品油价格按机制下调,https://www.ndrc.gov.cn/xwdt/ztzl/gncpyjg/201705/t20170511_1292946.html,-242.5,7272.5,1,down,242.5,2017-05
2017-05-26,2017-05-25,140,135,7905,6915,国内成品油价格按机制上调,https://www.ndrc.gov.cn/xwdt/ztzl/gncpyjg/201705/t20170525_1292947.html,137.5,7410,1,up,137.5,2017-05
2017-06-10,2017-06-09,-180,-175,7725,6740,国内成品油价格按机制下调,https://www.ndrc.gov.cn/xwdt/ztzl/gncpyjg/201706/t20170609_1292948.html,-177.5,7232.5,1,down,177.5,2017-06
2017-06-24,2017-06-23,-250,-240,7475,6500,国内成品油价格按机制下调,https://www.ndrc.gov.cn/xwdt/ztzl/gncpyjg/201706/t20170623_1292949.html,-245,6987.5,1,down,245,2017-06
2017-07-07,2017-07-07,0,0,7475,6500,7月7日国内成品油价格不作调整,https://www.ndrc.gov.cn/xwdt/ztzl/gncpyjg/201707/t20170707_1292950.html,0,6987.5,0,no_adjust,0,2017-07
2017-07-22,2017-07-21,75,75,7550,6575,国内成品油价格按机制上调,https://www.ndrc.gov.cn/xwdt/ztzl/gncpyjg/201707/t20170721_1292951.html,75,7062.5,1,up,75,2017-07
2017-08-05,2017-08-04,175,165,7725,6740,国内成品油价格按机制上调,https://www.ndrc.gov.cn/xwdt/ztzl/gncpyjg/201708/t20170804_1292952.html,170,7232.5,1,up,170,2017-08
2017-08-18,2017-08-18,0,0,7725,6740,8月18日国内成品油价格不作调整,https://www.ndrc.gov.cn/xwdt/ztzl/gncpyjg/201708/t20170818_1292953.html,0,7232.5,0,no_adjust,0,2017-08
2017-09-01,2017-09-01,0,0,7725,6740,9月1日国内成品油价格不作调整,https://www.ndrc.gov.cn/xwdt/ztzl/gncpyjg/201709/t20170901_1292954.html,0,7232.5,0,no_adjust,0,2017-09
2017-09-16,2017-09-15,95,95,7820,6835,国内成品油价格按机制上调,https://www.ndrc.gov.cn/xwdt/ztzl/gncpyjg/201709/t20170915_1292955.html,95,7327.5,1,up,95,2017-09
2017-09-30,2017-09-29,210,195,8030,7030,国内成品油价格按机制上调,https://www.ndrc.gov.cn/xwdt/ztzl/gncpyjg/201709/t20170929_1292956.html,202.5,7530,1,up,202.5,2017-09
2017-10-19,2017-10-19,0,0,8030,7030,10月19日国内成品油价格不作调整,https://www.ndrc.gov.cn/xwdt/ztzl/gncpyjg/201710/t20171019_1292957.html,0,7530,0,no_adjust,0,2017-10
2017-11-03,2017-11-02,150,150,8180,7180,国内成品油价格按机制上调,https://www.ndrc.gov.cn/xwdt/ztzl/gncpyjg/201711/t20171102_1292958.html,150,7680,1,up,150,2017-11
2017-11-17,2017-11-16,265,250,8445,7430,国内成品油价格按机制上调,https://www.ndrc.gov.cn/xwdt/ztzl/gncpyjg/201711/t20171116_1292959.html,257.5,7937.5,1,up,257.5,2017-11
2017-11-30,2017-11-30,0,0,8445,7430,11月30日国内成品油价格不作调整,https://www.ndrc.gov.cn/xwdt/ztzl/gncpyjg/201711/t20171130_1292960.html,0,7937.5,0,no_adjust,0,2017-11
2017-12-14,2017-12-14,0,0,8445,7430,12月14日国内成品油价格不作调整,https://www.ndrc.gov.cn/xwdt/ztzl/gncpyjg/201712/t20171214_1292961.html,0,7937.5,0,no_adjust,0,2017-12
2017-12-29,2017-12-28,70,70,8515,7500,国内成品油价格按机制上调,https://www.ndrc.gov.cn/xwdt/ztzl/gncpyjg/201712/t20171228_1292962.html,70,8007.5,1,up,70,2017-12
2018-01-13,2018-01-12,180,175,8695,7675,国内成品油价格按机制上调,https://www.ndrc.gov.cn/xwdt/ztzl/gncpyjg/201801/t20180112_1292963.html,177.5,8185,1,up,177.5,2018-01
2018-01-27,2018-01-26,65,60,8760,7735,国内成品油价格按机制上调,https://www.ndrc.gov.cn/xwdt/ztzl/gncpyjg/201801/t20180126_1292964.html,62.5,8247.5,1,up,62.5,2018-01
2018-02-10,2018-02-09,-170,-160,8590,7575,国内成品油价格按机制下调,https://www.ndrc.gov.cn/xwdt/ztzl/gncpyjg/201802/t20180209_1292965.html,-165,8082.5,1,down,165,2018-02
2018-03-01,2018-02-28,-190,-185,8400,7390,国内成品油价格按机制下调,https://www.ndrc.gov.cn/xwdt/ztzl/gncpyjg/201802/t20180228_1292966.html,-187.5,7895,1,down,187.5,2018-03
2018-03-14,2018-03-14,0,0,8400,7390,3月14日国内成品油价格不作调整,https://www.ndrc.gov.cn/xwdt/ztzl/gncpyjg/201803/t20180314_1292967.html,0,7895,0,no_adjust,0,2018-03
2018-03-29,2018-03-28,170,165,8570,7555,国内成品油价格按机制上调,https://www.ndrc.gov.cn/xwdt/ztzl/gncpyjg/201803/t20180328_1292968.html,167.5,8062.5,1,up,167.5,2018-03
2018-04-13,2018-04-12,55,50,8625,7605,国内成品油价格按机制上调,https://www.ndrc.gov.cn/xwdt/ztzl/gncpyjg/201804/t20180412_1292969.html,52.5,8115,1,up,52.5,2018-04
2018-04-27,2018-04-26,255,245,8880,7850,国内成品油价格按机制上调,https://www.ndrc.gov.cn/xwdt/ztzl/gncpyjg/201804/t20180426_1292970.html,250,8365,1,up,250,2018-04
2018-05-01,2018-04-29,-75,-65,8805,7785,国内成品油价格因增值税税率调整相应下调,https://www.ndrc.gov.cn/xwdt/ztzl/gncpyjg/201804/t20180429_1292971.html,-70,8295,1,down,70,2018-05
2018-05-12,2018-05-11,170,165,8975,7950,国内成品油价格按机制上调,https://www.ndrc.gov.cn/xwdt/ztzl/gncpyjg/201805/t20180511_1292972.html,167.5,8462.5,1,up,167.5,2018-05
2018-05-26,2018-05-25,260,250,9235,8200,国内成品油价格按机制上调,https://www.ndrc.gov.cn/xwdt/ztzl/gncpyjg/201805/t20180525_1292973.html,255,8717.5,1,up,255,2018-05
2018-06-09,2018-06-08,-130,-125,9105,8075,国内成品油价格按机制下调,https://www.ndrc.gov.cn/xwdt/ztzl/gncpyjg/201806/t20180608_1292974.html,-127.5,8590,1,down,127.5,2018-06
2018-06-26,2018-06-25,-55,-55,9050,8020,国内成品油价格按机制下调,https://www.ndrc.gov.cn/xwdt/ztzl/gncpyjg/201806/t20180625_1292975.html,-55,8535,1,down,55,2018-06
2018-07-10,2018-07-09,270,260,9320,8280,国内成品油价格按机制上调,https://www.ndrc.gov.cn/xwdt/ztzl/gncpyjg/201807/t20180709_1292976.html,265,8800,1,up,265,2018-07
2018-07-24,2018-07-23,-125,-120,9195,8160,国内成品油价格按机制下调,https://www.ndrc.gov.cn/xwdt/ztzl/gncpyjg/201807/t20180723_1292977.html,-122.5,8677.5,1,down,122.5,2018-07
2018-08-07,2018-08-06,70,70,9265,8230,国内成品油价格按机制上调,https://www.ndrc.gov.cn/xwdt/ztzl/gncpyjg/201808/t20180806_1292978.html,70,8747.5,1,up,70,2018-08
2018-08-21,2018-08-20,-50,-50,9215,8180,国内成品油价格按机制下调,https://www.ndrc.gov.cn/xwdt/ztzl/gncpyjg/201808/t20180820_1292979.html,-50,8697.5,1,down,50,2018-08
2018-09-04,2018-09-03,180,170,9395,8350,国内成品油价格按机制上调,https://www.ndrc.gov.cn/xwdt/ztzl/gncpyjg/201809/t20180903_1292980.html,175,8872.5,1,up,175,2018-09
2018-09-18,2018-09-17,145,145,9540,8495,国内成品油价格按机制上调,https://www.ndrc.gov.cn/xwdt/ztzl/gncpyjg/201809/t20180917_1292981.html,145,9017.5,1,up,145,2018-09
2018-10-01,2018-09-30,240,230,9780,8725,国内成品油价格按机制上调,https://www.ndrc.gov.cn/xwdt/ztzl/gncpyjg/201809/t20180930_1292982.html,235,9252.5,1,up,235,2018-10
2018-10-20,2018-10-19,165,160,9945,8885,国内成品油价格按机制上调,https://www.ndrc.gov.cn/xwdt/ztzl/gncpyjg/201810/t20181019_1292983.html,162.5,9415,1,up,162.5,2018-10
2018-11-03,2018-11-02,-375,-365,9570,8520,国内成品油价格按机制下调,https://www.ndrc.gov.cn/xwdt/ztzl/gncpyjg/201811/t20181102_1292984.html,-370,9045,1,down,370,2018-11
2018-11-17,2018-11-16,-510,-490,9060,8030,国内成品油价格按机制下调,https://www.ndrc.gov.cn/xwdt/ztzl/gncpyjg/201811/t20181116_1292985.html,-500,8545,1,down,500,2018-11
2018-12-01,2018-11-30,-540,-520,8520,7510,国内成品油价格按机制下调,https://www.ndrc.gov.cn/xwdt/ztzl/gncpyjg/201811/t20181130_1292986.html,-530,8015,1,down,530,2018-12
2018-12-15,2018-12-14,-125,-120,8395,7390,国内成品油价格按机制下调,https://www.ndrc.gov.cn/xwdt/ztzl/gncpyjg/201812/t20181214_1292987.html,-122.5,7892.5,1,down,122.5,2018-12
2018-12-29,2018-12-28,-370,-355,8025,7035,国内成品油价格按机制下调,https://www.ndrc.gov.cn/xwdt/ztzl/gncpyjg/201812/t20181228_1292988.html,-362.5,7530,1,down,362.5,2018-12
2019-01-15,2019-01-14,105,105,8130,7140,国内成品油价格按机制上调,https://www.ndrc.gov.cn/xwdt/ztzl/gncpyjg/201901/t20190114_1292989.html,105,7635,1,up,105,2019-01
2019-01-29,2019-01-28,245,230,8375,7370,国内成品油价格按机制上调,https://www.ndrc.gov.cn/xwdt/ztzl/gncpyjg/201901/t20190128_1292990.html,237.5,7872.5,1,up,237.5,2019-01
2019-02-15,2019-02-14,50,50,8425,7420,国内成品油价格按机制上调,https://www.ndrc.gov.cn/xwdt/ztzl/gncpyjg/201902/t20190214_1292991.html,50,7922.5,1,up,50,2019-02
2019-03-01,2019-02-28,270,260,8695,7680,国内成品油价格按机制上调,https://www.ndrc.gov.cn/xwdt/ztzl/gncpyjg/201902/t20190228_1292992.html,265,8187.5,1,up,265,2019-03
2019-03-14,2019-03-14,0,0,8695,7680,3月14日国内成品油价格不作调整,https://www.ndrc.gov.cn/xwdt/ztzl/gncpyjg/201903/t20190314_1292993.html,0,8187.5,0,no_adjust,0,2019-03
2019-03-29,2019-03-28,80,80,8775,7760,国内成品油价格按机制上调,https://www.ndrc.gov.cn/xwdt/ztzl/gncpyjg/201903/t20190328_1292994.html,80,8267.5,1,up,80,2019-03
2019-04-01,2019-03-29,-225,-200,8550,7560,国内成品油价格因增值税税率调整相应下调,https://www.ndrc.gov.cn/xwdt/ztzl/gncpyjg/201903/t20190329_1292995.html,-212.5,8055,1,down,212.5,2019-04
2019-04-13,2019-04-12,155,150,8705,7710,国内成品油价格按机制上调,https://www.ndrc.gov.cn/xwdt/ztzl/gncpyjg/201904/t20190412_1292996.html,152.5,8207.5,1,up,152.5,2019-04
2019-04-27,2019-04-26,195,185,8900,7895,国内成品油价格按机制上调,https://www.ndrc.gov.cn/xwdt/ztzl/gncpyjg/201904/t20190426_1292997.html,190,8397.5,1,up,190,2019-04
2019-05-14,2019-05-13,-75,-75,8825,7820,国内成品油价格按机制下调,https://www.ndrc.gov.cn/xwdt/ztzl/gncpyjg/201905/t20190513_1292998.html,-75,8322.5,1,down,75,2019-05
2019-05-28,2019-05-27,50,50,8875,7870,国内成品油价格按机制上调,https://www.ndrc.gov.cn/xwdt/ztzl/gncpyjg/201905/t20190527_1292999.html,50,8372.5,1,up,50,2019-05
2019-06-12,2019-06-11,-465,-445,8410,7425,国内成品油价格按机制下调,https://www.ndrc.gov.cn/xwdt/ztzl/gncpyjg/201906/t20190611_1293000.html,-455,7917.5,1,down,455,2019-06
2019-06-26,2019-06-25,-120,-115,8290,7310,国内成品油价格按机制下调,https://www.ndrc.gov.cn/xwdt/ztzl/gncpyjg/201906/t20190625_1293001.html,-117.5,7800,1,down,117.5,2019-06
2019-07-10,2019-07-09,150,140,8440,7450,国内成品油价格按机制上调,https://www.ndrc.gov.cn/xwdt/ztzl/gncpyjg/201907/t20190709_1293002.html,145,7945,1,up,145,2019-07
2019-07-23,2019-07-23,0,0,8440,7450,7月23日国内成品油价格不作调整,https://www.ndrc.gov.cn/xwdt/ztzl/gncpyjg/201907/t20190723_1293003.html,0,7945,0,no_adjust,0,2019-07
2019-08-07,2019-08-06,-80,-70,8360,7380,国内成品油价格按机制下调,https://www.ndrc.gov.cn/xwdt/ztzl/gncpyjg/201908/t20190806_1293004.html,-75,7870,1,down,75,2019-08
2019-08-21,2019-08-20,-210,-205,8150,7175,国内成品油价格按机制下调,https://www.ndrc.gov.cn/xwdt/ztzl/gncpyjg/201908/t20190820_1293005.html,-207.5,7662.5,1,down,207.5,2019-08
2019-09-04,2019-09-03,115,105,8265,7280,国内成品油价格按机制上调,https://www.ndrc.gov.cn/xwdt/ztzl/gncpyjg/201909/t20190903_1293006.html,110,7772.5,1,up,110,2019-09
2019-09-19,2019-09-18,125,125,8390,7405,国内成品油价格按机制上调,https://www.ndrc.gov.cn/xwdt/ztzl/gncpyjg/201909/t20190918_1293007.html,125,7897.5,1,up,125,2019-09
2019-10-08,2019-10-08,0,0,8390,7405,10月8日国内成品油价格不作调整,https://www.ndrc.gov.cn/xwdt/ztzl/gncpyjg/201910/t20191008_1293008.html,0,7897.5,0,no_adjust,0,2019-10
2019-10-22,2019-10-21,-150,-145,8240,7260,国内成品油价格按机制下调,https://www.ndrc.gov.cn/xwdt/ztzl/gncpyjg/201910/t20191021_1293009.html,-147.5,7750,1,down,147.5,2019-10
2019-11-05,2019-11-04,105,105,8345,7365,国内成品油价格按机制上调,https://www.ndrc.gov.cn/xwdt/ztzl/gncpyjg/201911/t20191104_1293010.html,105,7855,1,up,105,2019-11
2019-11-19,2019-11-18,70,65,8415,7430,国内成品油价格按机制上调,https://www.ndrc.gov.cn/xwdt/ztzl/gncpyjg/201911/t20191118_1293011.html,67.5,7922.5,1,up,67.5,2019-11
2019-12-03,2019-12-02,55,50,8470,7480,国内成品油价格按机制上调,https://www.ndrc.gov.cn/xwdt/ztzl/gncpyjg/201912/t20191202_1293012.html,52.5,7975,1,up,52.5,2019-12
2019-12-16,2019-12-16,0,0,8470,7480,12月16日国内成品油价格不作调整,https://www.ndrc.gov.cn/xwdt/ztzl/gncpyjg/201912/t20191216_1293013.html,0,7975,0,no_adjust,0,2019-12
2019-12-31,2019-12-30,235,230,8705,7710,国内成品油价格按机制上调,https://www.ndrc.gov.cn/xwdt/ztzl/gncpyjg/201912/t20191230_1293014.html,232.5,8207.5,1,up,232.5,2019-12
2020-01-14,2020-01-14,0,0,8705,7710,1月14日国内成品油价格不作调整,https://www.ndrc.gov.cn/xwdt/ztzl/gncpyjg/202001/t20200114_1293015.html,0,8207.5,0,no_adjust,0,2020-01
2020-02-05,2020-02-04,-420,-405,8285,7305,国内成品油价格按机制下调,https://www.ndrc.gov.cn/xwdt/ztzl/gncpyjg/202002/t20200204_1293016.html,-412.5,7795,1,down,412.5,2020-02
2020-02-19,2020-02-18,-415,-400,7870,6905,国内成品油价格按机制下调,https://www.ndrc.gov.cn/xwdt/ztzl/gncpyjg/202002/t20200218_1293017.html,-407.5,7387.5,1,down,407.5,2020-02
2020-03-03,2020-03-03,0,0,7870,6905,3月3日国内成品油价格不作调整,https://www.ndrc.gov.cn/xwdt/ztzl/gncpyjg/202003/t20200303_1293018.html,0,7387.5,0,no_adjust,0,2020-03
2020-03-18,2020-03-17,-1015,-975,6855,5930,国内成品油价格按机制下调,https://www.ndrc.gov.cn/xwdt/ztzl/gncpyjg/202003/t20200317_1293019.html,-995,6392.5,1,down,995,2020-03
2020-03-31,2020-03-31,0,0,6855,5930,3月31日国内成品油价格不作调整,https://www.ndrc.gov.cn/xwdt/ztzl/gncpyjg/202003/t20200331_1293020.html,0,6392.5,0,no_adjust,0,2020-03
2020-04-15,2020-04-15,0,0,6855,5930,4月15日国内成品油价格不作调整,https://www.ndrc.gov.cn/xwdt/ztzl/gncpyjg/202004/t20200415_1293021.html,0,6392.5,0,no_adjust,0,2020-04
2020-04-28,2020-04-28,0,0,6855,5930,4月28日国内成品油价格不作调整,https://www.ndrc.gov.cn/xwdt/ztzl/gncpyjg/202004/t20200428_1293022.html,0,6392.5,0,no_adjust,0,2020-04
2020-05-14,2020-05-14,0,0,6855,5930,5月14日国内成品油价格不作调整,https://www.ndrc.gov.cn/xwdt/ztzl/gncpyjg/202005/t20200514_1293023.html,0,6392.5,0,no_adjust,0,2020-05
2020-05-28,2020-05-28,0,0,6855,5930,5月28日国内成品油价格不作调整,https://www.ndrc.gov.cn/xwdt/ztzl/gncpyjg/202005/t20200528_1293024.html,0,6392.5,0,no_adjust,0,2020-05
2020-06-11,2020-06-11,0,0,6855,5930,6月11日国内成品油价格不作调整,https://www.ndrc.gov.cn/xwdt/ztzl/gncpyjg/202006/t20200611_1293025.html,0,6392.5,0,no_adjust,0,2020-06
2020-06-29,2020-06-28,120,110,6975,6040,国内成品油价格按机制上调,https://www.ndrc.gov.cn/xwdt/ztzl/gncpyjg/202006/t20200628_1293026.html,115,6507.5,1,up,115,2020-06
2020-07-11,2020-07-10,100,100,7075,6140,国内成品油价格按机制上调,https://www.ndrc.gov.cn/xwdt/ztzl/gncpyjg/202007/t20200710_1293027.html,100,6607.5,1,up,100,2020-07
2020-07-24,2020-07-24,0,0,7075,6140,7月24日国内成品油价格不作调整,https://www.ndrc.gov.cn/xwdt/ztzl/gncpyjg/202007/t20200724_1293028.html,0,6607.5,0,no_adjust,0,2020-07
2020-08-07,2020-08-07,0,0,7075,6140,8月7日国内成品油价格不作调整,https://www.ndrc.gov.cn/xwdt/ztzl/gncpyjg/202008/t20200807_1293029.html,0,6607.5,0,no_adjust,0,2020-08
2020-08-22,2020-08-21,85,80,7160,6220,国内成品油价格按机制上调,https://www.ndrc.gov.cn/xwdt/ztzl/gncpyjg/202008/t20200821_1293030.html,82.5,6690,1,up,82.5,2020-08
2020-09-04,2020-09-04,0,0,7160,6220,9月4日国内成品油价格不作调整,https://www.ndrc.gov.cn/xwdt/ztzl/gncpyjg/202009/t20200904_1293031.html,0,6690,0,no_adjust,0,2020-09
2020-09-19,2020-09-18,-315,-300,6845,5920,国内成品油价格按机制下调,https://www.ndrc.gov.cn/xwdt/ztzl/gncpyjg/202009/t20200918_1293032.html,-307.5,6382.5,1,down,307.5,2020-09
2020-10-09,2020-10-09,0,0,6845,5920,10月9日国内成品油价格不作调整,https://www.ndrc.gov.cn/xwdt/ztzl/gncpyjg/202010/t20201009_1293033.html,0,6382.5,0,no_adjust,0,2020-10
2020-10-23,2020-10-22,80,70,6925,5990,国内成品油价格按机制上调,https://www.ndrc.gov.cn/xwdt/ztzl/gncpyjg/202010/t20201022_1293034.html,75,6457.5,1,up,75,2020-10
2020-11-06,2020-11-05,-160,-150,6765,5840,国内成品油价格按机制下调,https://www.ndrc.gov.cn/xwdt/ztzl/gncpyjg/202011/t20201105_1293035.html,-155,6302.5,1,down,155,2020-11
2020-11-20,2020-11-19,150,145,6915,5985,2020年11月19日24时起国内成品油价格按机制上调,https://www.ndrc.gov.cn/xwdt/ztzl/gncpyjg/202011/t20201119_1293036.html,147.5,6450,1,up,147.5,2020-11
2020-12-04,2020-12-03,250,240,7165,6225,2020年12月3日24时起国内成品油价格按机制上调,https://www.ndrc.gov.cn/xwdt/ztzl/gncpyjg/202012/t20201203_1293037.html,245,6695,1,up,245,2020-12
2020-12-18,2020-12-17,155,150,7320,6375,2020年12月17日24时起国内成品油价格按机制上调,https://www.ndrc.gov.cn/xwdt/ztzl/gncpyjg/202012/t20201217_1293038.html,152.5,6847.5,1,up,152.5,2020-12
2021-01-01,2020-12-31,90,85,7410,6460,2020年12月31日24时起国内成品油价格按机制上调,https://www.ndrc.gov.cn/xwdt/ztzl/gncpyjg/202012/t20201231_1293039.html,87.5,6935,1,up,87.5,2021-01
2021-01-16,2021-01-15,185,180,7595,6640,2021年1月15日24时起国内成品油价格按机制上调,https://www.ndrc.gov.cn/xwdt/ztzl/gncpyjg/202101/t20210115_1293040.html,182.5,7117.5,1,up,182.5,2021-01
2021-01-30,2021-01-29,75,70,7670,6710,2021年1月29日24时起国内成品油价格按机制上调,https://www.ndrc.gov.cn/xwdt/ztzl/gncpyjg/202101/t20210129_1293041.html,72.5,7190,1,up,72.5,2021-01
2021-02-19,2021-02-18,275,265,7945,6975,2021年2月18日24时起国内成品油价格按机制上调,https://www.ndrc.gov.cn/xwdt/ztzl/gncpyjg/202102/t20210218_1293042.html,270,7460,1,up,270,2021-02
2021-03-04,2021-03-03,260,250,8205,7225,2021年3月3日24时起国内成品油价格按机制上调,https://www.ndrc.gov.cn/xwdt/ztzl/gncpyjg/202103/t20210303_1293043.html,255,7715,1,up,255,2021-03
2021-03-18,2021-03-17,235,230,8440,7455,2021年3月17日24时起国内成品油价格按机制上调,https://www.ndrc.gov.cn/xwdt/ztzl/gncpyjg/202103/t20210317_1293044.html,232.5,7947.5,1,up,232.5,2021-03
2021-04-01,2021-03-31,-225,-220,8215,7235,2021年3月31日24时起国内成品油价格按机制下调,https://www.ndrc.gov.cn/xwdt/ztzl/gncpyjg/202103/t20210331_1293045.html,-222.5,7725,1,down,222.5,2021-04
2021-04-15,2021-04-15,0,0,8215,7235,2021年4月15日国内成品油价格不作调整,https://www.ndrc.gov.cn/xwdt/ztzl/gncpyjg/202104/t20210415_1293046.html,0,7725,0,no_adjust,0,2021-04
2021-04-29,2021-04-28,100,95,8315,7330,2021年4月28日24时起国内成品油价格按机制上调,https://www.ndrc.gov.cn/xwdt/ztzl/gncpyjg/202104/t20210428_1293047.html,97.5,7822.5,1,up,97.5,2021-04
2021-05-15,2021-05-14,100,100,8415,7430,2021年5月14日24时起国内成品油价格按机制上调,https://www.ndrc.gov.cn/xwdt/ztzl/gncpyjg/202105/t20210514_1293048.html,100,7922.5,1,up,100,2021-05
2021-05-28,2021-05-28,0,0,8415,7430,2021年5月28日国内成品油价格不作调整,https://www.ndrc.gov.cn/xwdt/ztzl/gncpyjg/202105/t20210528_1293049.html,0,7922.5,0,no_adjust,0,2021-05
2021-06-12,2021-06-11,175,170,8590,7600,2021年6月11日24时起国内成品油价格按机制上调,https://www.ndrc.gov.cn/xwdt/ztzl/gncpyjg/202106/t20210611_1293050.html,172.5,8095,1,up,172.5,2021-06
2021-06-29,2021-06-28,225,215,8815,7815,2021年6月28日24时起国内成品油价格按机制上调,https://www.ndrc.gov.cn/xwdt/ztzl/gncpyjg/202106/t20210628_1293051.html,220,8315,1,up,220,2021-06
2021-07-13,2021-07-12,70,65,8885,7880,2021年7月12日24时起国内成品油价格按机制上调,https://www.ndrc.gov.cn/xwdt/ztzl/gncpyjg/202107/t20210712_1293052.html,67.5,8382.5,1,up,67.5,2021-07
2021-07-27,2021-07-26,-100,-95,8785,7785,2021年7月26日24时起国内成品油价格按机制下调,https://www.ndrc.gov.cn/xwdt/ztzl/gncpyjg/202107/t20210726_1293053.html,-97.5,8285,1,down,97.5,2021-07
2021-08-09,2021-08-09,0,0,8785,7785,2021年8月9日国内成品油价格不作调整,https://www.ndrc.gov.cn/xwdt/ztzl/gncpyjg/202108/t20210809_1293373.html,0,8285,0,no_adjust,0,2021-08
2021-08-24,2021-08-23,-250,-245,8535,7540,2021年8月23日24时起国内成品油价格按机制下调,https://www.ndrc.gov.cn/xwdt/ztzl/gncpyjg/202108/t20210823_1294332.html,-247.5,8037.5,1,down,247.5,2021-08
2021-09-07,2021-09-06,140,140,8675,7680,2021年9月6日24时起国内成品油价格按机制上调,https://www.ndrc.gov.cn/xwdt/ztzl/gncpyjg/202109/t20210906_1296106.html,140,8177.5,1,up,140,2021-09
2021-09-19,2021-09-18,90,85,8765,7765,2021年9月18日24时起国内成品油价格按机制上调,https://www.ndrc.gov.cn/xwdt/ztzl/gncpyjg/202109/t20210918_1297148.html,87.5,8265,1,up,87.5,2021-09
2021-10-10,2021-10-09,345,330,9110,8095,2021年10月9日24时起国内成品油价格按机制上调,https://www.ndrc.gov.cn/xwdt/ztzl/gncpyjg/202110/t20211009_1298893.html,337.5,8602.5,1,up,337.5,2021-10
2021-10-23,2021-10-22,300,290,9410,8385,2021年10月22日24时起国内成品油价格按机制上调,https://www.ndrc.gov.cn/xwdt/ztzl/gncpyjg/202110/t20211022_1300685.html,295,8897.5,1,up,295,2021-10
2021-11-05,2021-11-05,0,0,9410,8385,2021年11月5日国内成品油价格不作调整,https://www.ndrc.gov.cn/xwdt/ztzl/gncpyjg/202111/t20211105_1303115.html,0,8897.5,0,no_adjust,0,2021-11
2021-11-20,2021-11-19,-95,-90,9315,8295,2021年11月19日24时起国内成品油价格按机制下调,https://www.ndrc.gov.cn/xwdt/ztzl/gncpyjg/202111/t20211119_1304442.html,-92.5,8805,1,down,92.5,2021-11
2021-12-04,2021-12-03,-430,-415,8885,7880,2021年12月3日24时起国内成品油价格按机制下调,https://www.ndrc.gov.cn/xwdt/ztzl/gncpyjg/202112/t20211203_1306844.html,-422.5,8382.5,1,down,422.5,2021-12
2021-12-18,2021-12-17,-130,-125,8755,7755,2021年12月17日24时起国内成品油价格按机制下调,https://www.ndrc.gov.cn/xwdt/xwfb/202112/t20211217_1308356.html,-127.5,8255,1,down,127.5,2021-12
2022-01-01,2021-12-31,140,135,8895,7890,2021年12月31日24时起国内成品油价格按机制上调,https://www.ndrc.gov.cn/xwdt/xwfb/202112/t20211231_1311298.html,137.5,8392.5,1,up,137.5,2022-01
2022-01-18,2022-01-17,345,330,9240,8220,2022年1月17日24时起国内成品油价格按机制上调,https://www.ndrc.gov.cn/xwdt/xwfb/202201/t20220117_1312120.html,337.5,8730,1,up,337.5,2022-01
2022-01-30,2022-01-29,310,300,9550,8520,2022年1月29日24时起国内成品油价格按机制上调,https://www.ndrc.gov.cn/xwdt/xwfb/202201/t20220129_1313943.html,305,9035,1,up,305,2022-01
2022-02-18,2022-02-17,210,200,9760,8720,2022年2月17日24时起国内成品油价格按机制上调,https://www.ndrc.gov.cn/xwdt/xwfb/202202/t20220217_1315772.html,205,9240,1,up,205,2022-02
2022-03-04,2022-03-03,260,255,10020,8975,2022年3月3日24时起国内成品油价格按机制上调,https://www.ndrc.gov.cn/xwdt/xwfb/202203/t20220303_1318078.html,257.5,9497.5,1,up,257.5,2022-03
2022-03-18,2022-03-17,750,720,10770,9695,2022年3月17日24时起国内成品油价格按机制上调,https://www.ndrc.gov.cn/xwdt/xwfb/202203/t20220317_1319438.html,735,10232.5,1,up,735,2022-03
2022-04-01,2022-03-31,110,110,10880,9805,2022年3月31日24时起国内成品油价格按机制上调,https://www.ndrc.gov.cn/xwdt/xwfb/202203/t20220331_1321429.html,110,10342.5,1,up,110,2022-04
2022-04-16,2022-04-15,-545,-530,10335,9275,2022年4月15日24时起国内成品油价格按机制下调,https://www.ndrc.gov.cn/xwdt/xwfb/202204/t20220415_1322196.html,-537.5,9805,1,down,537.5,2022-04
2022-04-29,2022-04-28,205,200,10540,9475,2022年4月28日24时起国内成品油价格按机制上调,https://www.ndrc.gov.cn/xwdt/xwfb/202204/t20220428_1323651.html,202.5,10007.5,1,up,202.5,2022-04
2022-05-17,2022-05-16,285,270,10825,9745,2022年5月16日24时起国内成品油价格按机制上调,https://www.ndrc.gov.cn/xwdt/xwfb/202205/t20220516_1324609.html,277.5,10285,1,up,277.5,2022-05
2022-05-31,2022-05-30,400,390,11225,10135,2022年5月30日24时起国内成品油价格按机制上调,https://www.ndrc.gov.cn/xwdt/xwfb/202205/t20220530_1326109.html,395,10680,1,up,395,2022-05
2022-06-15,2022-06-14,390,375,11615,10510,2022年6月14日24时起国内成品油价格按机制上调,https://www.ndrc.gov.cn/xwdt/xwfb/202206/t20220614_1327247.html,382.5,11062.5,1,up,382.5,2022-06
2022-06-29,2022-06-28,-320,-310,11295,10200,2022年6月28日24时起国内成品油价格按机制下调,https://www.ndrc.gov.cn/xwdt/xwfb/202206/t20220628_1328991.html,-315,10747.5,1,down,315,2022-06
2022-07-13,2022-07-12,-360,-345,10935,9855,2022年7月12日24时起国内成品油价格按机制下调,https://www.ndrc.gov.cn/xwdt/xwfb/202207/t20220712_1330413.html,-352.5,10395,1,down,352.5,2022-07
2022-07-27,2022-07-26,-300,-290,10635,9565,2022年7月26日24时起国内成品油价格按机制下调,https://www.ndrc.gov.cn/xwdt/xwfb/202207/t20220726_1331402.html,-295,10100,1,down,295,2022-07
2022-08-10,2022-08-09,-130,-125,10505,9440,2022年8月9日24时起国内成品油价格按机制下调,https://www.ndrc.gov.cn/xwdt/xwfb/202208/t20220809_1332823.html,-127.5,9972.5,1,down,127.5,2022-08
2022-08-24,2022-08-23,-205,-200,10300,9240,2022年8月23日24时起国内成品油价格按机制下调,https://www.ndrc.gov.cn/xwdt/xwfb/202208/t20220823_1333590.html,-202.5,9770,1,down,202.5,2022-08
2022-09-07,2022-09-06,190,185,10490,9425,2022年9月6日24时起国内成品油价格按机制上调,https://www.ndrc.gov.cn/xwdt/xwfb/202209/t20220906_1335202.html,187.5,9957.5,1,up,187.5,2022-09
2022-09-22,2022-09-21,-290,-280,10200,9145,2022年9月21日24时起国内成品油价格按机制下调,https://www.ndrc.gov.cn/xwdt/xwfb/202209/t20220921_1335893.html,-285,9672.5,1,down,285,2022-09
2022-10-10,2022-10-10,0,0,10200,9145,2022年10月10日国内成品油价格不作调整,https://www.ndrc.gov.cn/xwdt/xwfb/202210/t20221010_1338431.html,0,9672.5,0,no_adjust,0,2022-10
2022-10-25,2022-10-24,185,175,10385,9320,2022年10月24日24时起国内成品油价格按机制上调,https://www.ndrc.gov.cn/xwdt/xwfb/202210/t20221024_1338989.html,180,9852.5,1,up,180,2022-10
2022-11-08,2022-11-07,155,150,10540,9470,2022年11月7日24时起国内成品油价格按机制上调,https://www.ndrc.gov.cn/xwdt/xwfb/202211/t20221107_1340921.html,152.5,10005,1,up,152.5,2022-11
2022-11-22,2022-11-21,-175,-165,10365,9305,2022年11月21日24时起国内成品油价格按机制下调,https://www.ndrc.gov.cn/xwdt/xwfb/202211/t20221121_1341667.html,-170,9835,1,down,170,2022-11
2022-12-06,2022-12-05,-440,-425,9925,8880,2022年12月5日24时起国内成品油价格按机制下调,https://www.ndrc.gov.cn/xwdt/xwfb/202212/t20221205_1343287.html,-432.5,9402.5,1,down,432.5,2022-12
2022-12-20,2022-12-19,-480,-460,9445,8420,2022年12月19日24时起国内成品油价格按机制下调,https://www.ndrc.gov.cn/xwdt/xwfb/202212/t20221219_1343672.html,-470,8932.5,1,down,470,2022-12
2023-01-04,2023-01-03,250,240,9695,8660,2023年1月3日24时起国内成品油价格按机制上调,https://www.ndrc.gov.cn/xwdt/xwfb/202301/t20230103_1345637.html,245,9177.5,1,up,245,2023-01
2023-01-18,2023-01-17,-205,-195,9490,8465,2023年1月17日24时起国内成品油价格按机制下调,https://www.ndrc.gov.cn/xwdt/xwfb/202301/t20230117_1346762.html,-200,8977.5,1,down,200,2023-01
2023-02-04,2023-02-03,210,200,9700,8665,2023年2月3日24时起国内成品油价格按机制上调,https://www.ndrc.gov.cn/xwdt/xwfb/202302/t20230203_1348327.html,205,9182.5,1,up,205,2023-02
2023-02-17,2023-02-17,0,0,9700,8665,2023年2月17日国内成品油价格不作调整,https://www.ndrc.gov.cn/xwdt/xwfb/202302/t20230217_1348864.html,0,9182.5,0,no_adjust,0,2023-02
2023-03-03,2023-03-03,0,0,9700,8665,2023年3月3日国内成品油价格不作调整,https://www.ndrc.gov.cn/xwdt/xwfb/202303/t20230303_1350622.html,0,9182.5,0,no_adjust,0,2023-03
2023-03-18,2023-03-17,-100,-95,9600,8570,2023年3月17日24时起国内成品油价格按机制下调,https://www.ndrc.gov.cn/xwdt/xwfb/202303/t20230317_1351325.html,-97.5,9085,1,down,97.5,2023-03
2023-04-01,2023-03-31,-335,-320,9265,8250,2023年3月31日24时起国内成品油价格按机制下调,https://www.ndrc.gov.cn/xwdt/xwfb/202303/t20230331_1353081.html,-327.5,8757.5,1,down,327.5,2023-04
2023-04-18,2023-04-17,550,525,9815,8775,2023年4月17日24时起国内成品油价格按机制上调,https://www.ndrc.gov.cn/xwdt/xwfb/202304/t20230417_1353648.html,537.5,9295,1,up,537.5,2023-04
2023-04-29,2023-04-28,-160,-155,9655,8620,2023年4月28日24时起国内成品油价格按机制下调,https://www.ndrc.gov.cn/xwdt/xwfb/202304/t20230428_1355157.html,-157.5,9137.5,1,down,157.5,2023-04
2023-05-17,2023-05-16,-380,-365,9275,8255,2023年5月16日24时起国内成品油价格按机制下调,https://www.ndrc.gov.cn/xwdt/xwfb/202305/t20230516_1355789.html,-372.5,8765,1,down,372.5,2023-05
2023-05-31,2023-05-30,100,95,9375,8350,2023年5月30日24时起国内成品油价格按机制上调,https://www.ndrc.gov.cn/xwdt/xwfb/202305/t20230530_1356745.html,97.5,8862.5,1,up,97.5,2023-05
2023-06-14,2023-06-13,-55,-50,9320,8300,2023年6月13日24时起国内成品油价格按机制下调,https://www.ndrc.gov.cn/xwdt/xwfb/202306/t20230613_1357539.html,-52.5,8810,1,down,52.5,2023-06
2023-06-29,2023-06-28,70,70,9390,8370,2023年6月28日24时起国内成品油价格按机制上调,https://www.ndrc.gov.cn/xwdt/xwfb/202306/t20230628_1357927.html,70,8880,1,up,70,2023-06
2023-07-13,2023-07-12,155,150,9545,8520,2023年7月12日24时起国内成品油价格按机制上调,https://www.ndrc.gov.cn/xwdt/xwfb/202307/t20230712_1358334.html,152.5,9032.5,1,up,152.5,2023-07
2023-07-27,2023-07-26,275,260,9820,8780,2023年7月26日24时起国内成品油价格按机制上调,https://www.ndrc.gov.cn/xwdt/xwfb/202307/t20230726_1358699.html,267.5,9300,1,up,267.5,2023-07
2023-08-10,2023-08-09,240,230,10060,9010,2023年8月9日24时起国内成品油价格按机制上调,https://www.ndrc.gov.cn/xwdt/xwfb/202308/t20230809_1359258.html,235,9535,1,up,235,2023-08
2023-08-24,2023-08-23,55,55,10115,9065,2023年8月23日24时起国内成品油价格按机制上调,https://www.ndrc.gov.cn/xwdt/xwfb/202308/t20230823_1360025.html,55,9590,1,up,55,2023-08
2023-09-06,2023-09-06,0,0,10115,9065,2023年9月6日国内成品油价格不作调整,https://www.ndrc.gov.cn/xwdt/xwfb/202309/t20230906_1360397.html,0,9590,0,no_adjust,0,2023-09
2023-09-21,2023-09-20,385,370,10500,9435,2023年9月20日24时起国内成品油价格按机制调整,https://www.ndrc.gov.cn/xwdt/xwfb/202309/t20230920_1360717.html,377.5,9967.5,1,up,377.5,2023-09
2023-10-11,2023-10-10,-85,-80,10415,9355,2023年10月10日24时起国内成品油价格按机制调整,https://www.ndrc.gov.cn/xwdt/xwfb/202310/t20231010_1361121.html,-82.5,9885,1,down,82.5,2023-10
2023-10-25,2023-10-24,-70,-70,10345,9285,2023年10月24日24时起国内成品油价格按机制调整,https://www.ndrc.gov.cn/xwdt/xwfb/202310/t20231024_1361478.html,-70,9815,1,down,70,2023-10
2023-11-08,2023-11-07,-140,-135,10205,9150,2023年11月7日24时起国内成品油价格按机制调整,https://www.ndrc.gov.cn/xwdt/xwfb/202311/t20231107_1361829.html,-137.5,9677.5,1,down,137.5,2023-11
2023-11-22,2023-11-21,-340,-330,9865,8820,2023年11月21日24时起国内成品油价格按机制调整,https://www.ndrc.gov.cn/xwdt/xwfb/202311/t20231121_1362158.html,-335,9342.5,1,down,335,2023-11
2023-12-06,2023-12-05,-55,-50,9810,8770,2023年12月5日24时起国内成品油价格按机制调整,https://www.ndrc.gov.cn/xwdt/xwfb/202312/t20231205_1362437.html,-52.5,9290,1,down,52.5,2023-12
2023-12-20,2023-12-19,-415,-400,9395,8370,2023年12月19日24时起国内成品油价格按机制调整,https://www.ndrc.gov.cn/xwdt/xwfb/202312/t20231219_1362767.html,-407.5,8882.5,1,down,407.5,2023-12
2024-01-04,2024-01-03,200,190,9595,8560,2024年1月3日24时起国内成品油价格按机制调整,https://www.ndrc.gov.cn/xwdt/xwfb/202401/t20240103_1363079.html,195,9077.5,1,up,195,2024-01
2024-01-18,2024-01-17,-50,-50,9545,8510,2024年1月17日24时起国内成品油价格按机制调整,https://www.ndrc.gov.cn/xwdt/xwfb/202401/t20240117_1363439.html,-50,9027.5,1,down,50,2024-01
2024-02-01,2024-01-31,200,200,9745,8710,2024年1月31日24时起国内成品油价格按机制上调,https://www.ndrc.gov.cn/xwdt/xwfb/202401/t20240131_1363834.html,200,9227.5,1,up,200,2024-02
2024-02-19,2024-02-19,0,0,9745,8710,2024年2月19日国内成品油价格按机制不作调整,https://www.ndrc.gov.cn/xwdt/xwfb/202402/t20240219_1364095.html,0,9227.5,0,no_adjust,0,2024-02
2024-03-05,2024-03-04,125,120,9870,8830,2024年3月4日国内成品油价格按机制调整,https://www.ndrc.gov.cn/xwdt/xwfb/202403/t20240304_1364393.html,122.5,9350,1,up,122.5,2024-03
2024-03-18,2024-03-18,0,0,9870,8830,2024年3月18日国内成品油价格按机制不作调整,https://www.ndrc.gov.cn/xwdt/xwfb/202403/t20240318_1365046.html,0,9350,0,no_adjust,0,2024-03
2024-04-02,2024-04-01,200,190,10070,9020,2024年4月1日国内成品油价格按机制调整,https://www.ndrc.gov.cn/xwdt/xwfb/202404/t20240401_1365388.html,195,9545,1,up,195,2024-04
2024-04-17,2024-04-16,200,195,10270,9215,国内成品油价格按机制调整,https://www.ndrc.gov.cn/xwdt/xwfb/202404/t20240416_1365703.html,197.5,9742.5,1,up,197.5,2024-04
2024-04-30,2024-04-29,-70,-70,10200,9145,2024年4月29日国内成品油价格按机制调整,https://www.ndrc.gov.cn/xwdt/xwfb/202404/t20240429_1366287.html,-70,9672.5,1,down,70,2024-04
2024-05-16,2024-05-15,-235,-225,9965,8920,2024年5月15日国内成品油价格按机制调整,https://www.ndrc.gov.cn/xwdt/xwfb/202405/t20240515_1386222.html,-230,9442.5,1,down,230,2024-05
2024-05-29,2024-05-29,0,0,9965,8920,2024年5月29日国内成品油价格按机制不作调整,https://www.ndrc.gov.cn/xwdt/xwfb/202405/t20240529_1386532.html,0,9442.5,0,no_adjust,0,2024-05
2024-06-14,2024-06-13,-190,-180,9775,8740,2024年6月13日国内成品油价格按机制调整,https://www.ndrc.gov.cn/xwdt/xwfb/202406/t20240613_1386864.html,-185,9257.5,1,down,185,2024-06
2024-06-28,2024-06-27,210,200,9985,8940,2024年6月27日国内成品油价格按机制调整,https://www.ndrc.gov.cn/xwdt/xwfb/202406/t20240627_1391342.html,205,9462.5,1,up,205,2024-06
2024-07-12,2024-07-11,110,105,10095,9045,2024年7月11日国内成品油价格按机制调整,https://www.ndrc.gov.cn/xwdt/xwfb/202407/t20240711_1391617.html,107.5,9570,1,up,107.5,2024-07
2024-07-26,2024-07-25,-145,-140,9950,8905,2024年7月25日国内成品油价格按机制调整,https://www.ndrc.gov.cn/xwdt/xwfb/202407/t20240725_1391947.html,-142.5,9427.5,1,down,142.5,2024-07
2024-08-09,2024-08-08,-305,-290,9645,8615,2024年8月8日国内成品油价格按机制调整,https://www.ndrc.gov.cn/xwdt/xwfb/202408/t20240808_1392318.html,-297.5,9130,1,down,297.5,2024-08
2024-08-22,2024-08-22,0,0,9645,8615,2024年8月22日国内成品油价格按机制不作调整,https://www.ndrc.gov.cn/xwdt/xwfb/202408/t20240822_1392530.html,0,9130,0,no_adjust,0,2024-08
2024-09-06,2024-09-05,-100,-100,9545,8515,2024年9月5日国内成品油价格按机制调整,https://www.ndrc.gov.cn/xwdt/xwfb/202409/t20240905_1392834.html,-100,9030,1,down,100,2024-09
2024-09-21,2024-09-20,-365,-350,9180,8165,2024年9月20日国内成品油价格按机制调整,https://www.ndrc.gov.cn/xwdt/xwfb/202409/t20240920_1393111.html,-357.5,8672.5,1,down,357.5,2024-09
2024-10-11,2024-10-10,140,135,9320,8300,2024年10月10日国内成品油价格按机制调整,https://www.ndrc.gov.cn/xwdt/xwfb/202410/t20241010_1393553.html,137.5,8810,1,up,137.5,2024-10
2024-10-24,2024-10-23,90,85,9410,8385,2024年10月23日国内成品油价格按机制调整,https://www.ndrc.gov.cn/xwdt/xwfb/202410/t20241023_1393865.html,87.5,8897.5,1,up,87.5,2024-10
2024-11-07,2024-11-06,-145,-140,9265,8245,2024年11月6日国内成品油价格按机制调整,https://www.ndrc.gov.cn/xwdt/xwfb/202411/t20241106_1394298.html,-142.5,8755,1,down,142.5,2024-11
2024-11-20,2024-11-20,0,0,9265,8245,2024年11月20日国内成品油价格不作调整,https://www.ndrc.gov.cn/xwdt/xwfb/202411/t20241120_1394603.html,0,8755,0,no_adjust,0,2024-11
2024-12-04,2024-12-04,0,0,9265,8245,2024年12月4日国内成品油价格按机制不作调整,https://www.ndrc.gov.cn/xwdt/xwfb/202412/t20241204_1394837.html,0,8755,0,no_adjust,0,2024-12
2024-12-18,2024-12-18,0,0,9265,8245,2024年12月18日国内成品油价格按机制不作调整,https://www.ndrc.gov.cn/xwdt/xwfb/202412/t20241218_1395064.html,0,8755,0,no_adjust,0,2024-12
2025-01-03,2025-01-02,70,70,9335,8315,2025年1月2日国内成品油价格按机制调整,https://www.ndrc.gov.cn/xwdt/xwfb/202501/t20250102_1395423.html,70,8825,1,up,70,2025-01
2025-01-17,2025-01-16,340,325,9675,8640,2025年1月16日国内成品油价格按机制调整,https://www.ndrc.gov.cn/xwdt/xwfb/202501/t20250116_1395727.html,332.5,9157.5,1,up,332.5,2025-01
2025-02-06,2025-02-06,0,0,9675,8640,2025年2月6日国内成品油价格按机制不作调整,https://www.ndrc.gov.cn/xwdt/xwfb/202502/t20250206_1396007.html,0,9157.5,0,no_adjust,0,2025-02
2025-02-20,2025-02-19,-170,-160,9505,8480,2025年2月19日国内成品油价格按机制调整,https://www.ndrc.gov.cn/xwdt/xwfb/202502/t20250219_1396225.html,-165,8992.5,1,down,165,2025-02
2025-03-06,2025-03-05,-135,-130,9370,8350,2025年3月5日国内成品油价格按机制调整,https://www.ndrc.gov.cn/xwdt/xwfb/202503/t20250305_1396430.html,-132.5,8860,1,down,132.5,2025-03
2025-03-20,2025-03-19,-280,-270,9090,8080,2025年3月19日国内成品油价格按机制调整,https://www.ndrc.gov.cn/xwdt/xwfb/202503/t20250319_1396715.html,-275,8585,1,down,275,2025-03
2025-04-03,2025-04-02,230,220,9320,8300,2025年4月2日国内成品油价格按机制调整,https://www.ndrc.gov.cn/xwdt/xwfb/202504/t20250402_1396996.html,225,8810,1,up,225,2025-04
2025-04-18,2025-04-17,-480,-465,8840,7835,2025年4月17日国内成品油价格按机制调整,https://www.ndrc.gov.cn/xwdt/xwfb/202504/t20250417_1397240.html,-472.5,8337.5,1,down,472.5,2025-04
2025-04-30,2025-04-30,0,0,8840,7835,2025年4月30日国内成品油价格按机制不作调整,https://www.ndrc.gov.cn/xwdt/xwfb/202504/t20250430_1397516.html,0,8337.5,0,no_adjust,0,2025-04
2025-05-20,2025-05-19,-230,-220,8610,7615,2025年5月19日国内成品油价格按机制调整,https://www.ndrc.gov.cn/xwdt/xwfb/202505/t20250519_1397793.html,-225,8112.5,1,down,225,2025-05
2025-06-04,2025-06-03,65,60,8675,7675,2025年6月3日国内成品油价格按机制调整,https://www.ndrc.gov.cn/xwdt/xwfb/202506/t20250603_1398198.html,62.5,8175,1,up,62.5,2025-06
2025-06-18,2025-06-17,260,255,8935,7930,2025年6月17日国内成品油价格按机制调整,https://www.ndrc.gov.cn/xwdt/xwfb/202506/t20250617_1398486.html,257.5,8432.5,1,up,257.5,2025-06
2025-07-02,2025-07-01,235,225,9170,8155,2025年7月1日国内成品油价格按机制调整,https://www.ndrc.gov.cn/xwdt/xwfb/202507/t20250701_1398919.html,230,8662.5,1,up,230,2025-07
2025-07-16,2025-07-15,-130,-125,9040,8030,2025年7月15日国内成品油价格按机制调整,https://www.ndrc.gov.cn/xwdt/xwfb/202507/t20250715_1399195.html,-127.5,8535,1,down,127.5,2025-07
2025-07-29,2025-07-29,0,0,9040,8030,2025年7月29日国内成品油价格按机制不作调整,https://www.ndrc.gov.cn/xwdt/xwfb/202507/t20250729_1399467.html,0,8535,0,no_adjust,0,2025-07
2025-08-12,2025-08-12,0,0,9040,8030,2025年8月12日国内成品油价格按机制不作调整,https://www.ndrc.gov.cn/xwdt/xwfb/202508/t20250812_1399754.html,0,8535,0,no_adjust,0,2025-08
2025-08-27,2025-08-26,-180,-175,8860,7855,2025年8月26日国内成品油价格按机制调整,https://www.ndrc.gov.cn/xwdt/xwfb/202508/t20250826_1400056.html,-177.5,8357.5,1,down,177.5,2025-08
2025-09-09,2025-09-09,0,0,8860,7855,2025年9月9日国内成品油价格按机制不作调整,https://www.ndrc.gov.cn/xwdt/xwfb/202509/t20250909_1400343.html,0,8357.5,0,no_adjust,0,2025-09
2025-09-23,2025-09-23,0,0,8860,7855,2025年9月23日国内成品油价格按机制不作调整,https://www.ndrc.gov.cn/xwdt/xwfb/202509/t20250923_1400624.html,0,8357.5,0,no_adjust,0,2025-09
2025-10-14,2025-10-13,-75,-70,8785,7785,2025年10月13日国内成品油价格按机制调整,https://www.ndrc.gov.cn/xwdt/xwfb/202510/t20251013_1400937.html,-72.5,8285,1,down,72.5,2025-10
2025-10-28,2025-10-27,-265,-255,8520,7530,2025年10月27日国内成品油价格按机制调整,https://www.ndrc.gov.cn/xwdt/xwfb/202510/t20251027_1401193.html,-260,8025,1,down,260,2025-10
2025-11-11,2025-11-10,125,120,8645,7650,2025年11月10日国内成品油价格按机制调整,https://www.ndrc.gov.cn/xwdt/xwfb/202511/t20251110_1401464.html,122.5,8147.5,1,up,122.5,2025-11
2025-11-25,2025-11-24,-70,-65,8575,7585,2025年11月24日国内成品油价格按机制调整,https://www.ndrc.gov.cn/xwdt/xwfb/202511/t20251124_1401864.html,-67.5,8080,1,down,67.5,2025-11
2025-12-09,2025-12-08,-55,-55,8520,7530,2025年12月8日国内成品油价格按机制调整,https://www.ndrc.gov.cn/xwdt/xwfb/202512/t20251208_1402287.html,-55,8025,1,down,55,2025-12
2025-12-23,2025-12-22,-170,-165,8350,7365,2025年12月22日国内成品油价格按机制调整,https://www.ndrc.gov.cn/xwdt/xwfb/202512/t20251222_1402523.html,-167.5,7857.5,1,down,167.5,2025-12
2026-01-06,2026-01-06,0,0,8350,7365,2026年1月6日国内成品油价格按机制不作调整,https://www.ndrc.gov.cn/xwdt/xwfb/202601/t20260106_1403050.html,0,7857.5,0,no_adjust,0,2026-01
2026-01-21,2026-01-20,85,85,8435,7450,2026年1月20日国内成品油价格按机制调整,https://www.ndrc.gov.cn/xwdt/xwfb/202601/t20260120_1403319.html,85,7942.5,1,up,85,2026-01
2026-02-04,2026-02-03,205,195,8640,7645,2026年2月3日国内成品油价格按机制调整,https://www.ndrc.gov.cn/xwdt/xwfb/202602/t20260203_1403566.html,200,8142.5,1,up,200,2026-02
2026-02-25,2026-02-24,175,170,8815,7815,2026年2月24日国内成品油价格按机制调整,https://www.ndrc.gov.cn/xwdt/xwfb/202602/t20260224_1403852.html,172.5,8315,1,up,172.5,2026-02
2026-03-10,2026-03-09,695,670,9510,8485,2026年3月9日国内成品油价格按机制调整,https://www.ndrc.gov.cn/xwdt/xwfb/202603/t20260309_1404075.html,682.5,8997.5,1,up,682.5,2026-03
2026-03-24,2026-03-23,1160,1115,10670,9600,2026年3月23日国内成品油价格调整,https://www.ndrc.gov.cn/xwdt/xwfb/202603/t20260323_1404295.html,1137.5,10135,1,up,1137.5,2026-03
2026-04-08,2026-04-07,420,400,11090,10000,2026年4月7日国家继续实施调控，成品油价格适当调整,https://www.ndrc.gov.cn/xwdt/xwfb/202604/t20260407_1404528.html,410,10545,1,up,410,2026-04
2026-04-22,2026-04-21,-555,-530,10535,9470,2026年4月21日国内成品油价格下调,https://www.ndrc.gov.cn/xwdt/xwfb/202604/t20260421_1404789.html,-542.5,10002.5,1,down,542.5,2026-04
2026-05-09,2026-05-08,320,310,10855,9780,2026年5月8日国内成品油价格调整,https://www.ndrc.gov.cn/xwdt/xwfb/202605/t20260508_1405100.html,315,10317.5,1,up,315,2026-05
